time_s,vout_v,follower_id_a
0.0799,-0.2110576397,7.402031756e-05
0.07990005,-0.26345121,6.402180623e-05
0.0799001,-0.3151215127,5.417157222e-05
0.07990015,-0.3667388929,4.433218787e-05
0.0799002,-0.4183562731,3.449280352e-05
0.07990025,-0.4699736533,2.465341917e-05
0.0799003,-0.509584981,1.739860275e-05
0.07990035,-0.5483178095,1.033290269e-05
0.0799004,-0.587050638,3.267202628e-06
0.07990045,-0.598102574,1.722875323e-06
0.0799005,-0.6074028379,5.279455032e-07
0.07990055,-0.6104110611,1.505764021e-08
0.0799006,-0.6088211872,5.923497455e-10
0.07990065,-0.6100654802,1.226483665e-10
0.0799007,-0.6096421933,5.598703837e-11
0.07990075,-0.6097869455,3.33456932e-11
0.0799008,-0.6097448757,2.368956704e-11
0.07990085,-0.609761513,1.800128566e-11
0.0799009,-0.6097532343,1.50065299e-11
0.07990095,-0.609745538,1.214112063e-11
0.079901,-0.6097474793,1.061282643e-11
0.07990105,-0.6097494205,9.084532233e-12
0.0799011,-0.6097468562,8.159850005e-12
0.07990115,-0.6097433783,7.357538007e-12
0.0799012,-0.6097399005,6.55522601e-12
0.07990125,-0.6097384936,6.016057738e-12
0.0799013,-0.6097380993,5.605569881e-12
0.07990135,-0.6097377051,5.195082025e-12
0.0799014,-0.6097373109,4.784594169e-12
0.07990145,-0.6097355382,4.499854832e-12
0.0799015,-0.6097330914,4.27660802e-12
0.07990155,-0.6097306447,4.053361207e-12
0.0799016,-0.6097281979,3.830114394e-12
0.07990165,-0.6097268944,3.668488951e-12
0.0799017,-0.60972615,3.536997091e-12
0.07990175,-0.6097254056,3.40550523e-12
0.0799018,-0.6097246613,3.27401337e-12
0.07990185,-0.6097230077,3.177387239e-12
0.0799019,-0.6097209095,3.097810864e-12
0.07990195,-0.6097188114,3.018234489e-12
0.079902,-0.6097167132,2.938658114e-12
0.07990205,-0.6097153593,2.881881177e-12
0.0799021,-0.6097143693,2.836253436e-12
0.07990215,-0.6097133794,2.790625695e-12
0.0799022,-0.6097123894,2.744997954e-12
0.07990225,-0.6097108023,2.71613343e-12
0.0799023,-0.6097089232,2.695466318e-12
0.07990235,-0.6097070441,2.674799206e-12
0.0799024,-0.609705165,2.654132093e-12
0.07990245,-0.6097037711,2.647943256e-12
0.0799025,-0.6097026145,2.648834466e-12
0.07990255,-0.6097014579,2.649725677e-12
0.0799026,-0.6097003013,2.650616888e-12
0.07990265,-0.6096987519,2.665982017e-12
0.0799027,-0.6096970104,2.688425063e-12
0.07990275,-0.6096952689,2.71086811e-12
0.0799028,-0.6096935274,2.733311156e-12
0.07990285,-0.6096921013,2.7728828e-12
0.0799029,-0.6096908295,2.820830533e-12
0.07990295,-0.6096895576,2.868778265e-12
0.079903,-0.6096882858,2.916725997e-12
0.07990305,-0.6096867531,2.987943062e-12
0.0799031,-0.609685093,3.070539107e-12
0.07990315,-0.6096834328,3.153135152e-12
0.0799032,-0.6096817726,3.235731197e-12
0.07990325,-0.609680314,3.35451046e-12
0.0799033,-0.609678954,3.490983748e-12
0.07990335,-0.6096775939,3.627457036e-12
0.0799034,-0.6096762339,3.763930324e-12
0.07990345,-0.6096746936,3.964426614e-12
0.0799035,-0.6096730653,4.196230915e-12
0.07990355,-0.6096714369,4.428035216e-12
0.0799036,-0.6096698085,4.659839517e-12
0.07990365,-0.6096682948,5.024362201e-12
0.0799037,-0.6096668371,5.453785755e-12
0.07990375,-0.6096653794,5.883209309e-12
0.0799038,-0.6096639218,6.312632863e-12
0.07990385,-0.609662303,7.090104461e-12
0.0799039,-0.6096606054,8.0377757e-12
0.07990395,-0.6096589078,8.98544694e-12
0.079904,-0.6096572103,9.933118179e-12
0.07990405,-0.6096554376,1.234141652e-11
0.0799041,-0.6096536281,1.546397891e-11
0.07990415,-0.6096518186,1.858654131e-11
0.0799042,-0.6096500091,2.17091037e-11
0.07990425,-0.6096472929,3.16367722e-11
0.0799043,-0.6096441331,4.489221868e-11
0.07990435,-0.6096386186,9.707306806e-11
0.0799044,-0.6096294418,3.121837406e-10
0.07990445,-0.6096062358,2.490055722e-09
0.0799045,-0.6095398603,1.611765113e-08
0.07990455,-0.6087832642,2.106075744e-07
0.0799046,-0.6013122136,2.010468167e-06
0.07990465,-0.5801909674,6.630730042e-06
0.0799047,-0.5474574527,1.360696493e-05
0.07990475,-0.5041651788,2.208035865e-05
0.0799048,-0.4559193954,3.125612566e-05
0.07990485,-0.4040996428,4.128875871e-05
0.0799049,-0.3515634025,5.149317104e-05
0.07990495,-0.2984379737,6.166967012e-05
0.079905,-0.2446367637,7.181415356e-05
0.07990505,-0.1908355538,8.1958637e-05
0.0799051,-0.1391056662,9.185922498e-05
0.07990515,-0.08752734458,0.0001017419663
0.0799052,-0.03594902293,0.0001116247076
0.07990525,0.01562929872,0.0001215074489
0.0799053,0.06290764362,0.0001304163722
0.07990535,0.1098713441,0.0001392540378
0.0799054,0.1568350446,0.0001480917035
0.07990545,0.2037987451,0.0001569293691
0.0799055,0.2449196076,0.0001647733485
0.07990555,0.2856129291,0.0001725446164
0.0799056,0.3263062506,0.0001803158843
0.07990565,0.3669995721,0.0001880871522
0.0799057,0.401634317,0.0001946000165
0.07990575,0.4358257345,0.0002010207989
0.0799058,0.4700171521,0.0002074415814
0.07990585,0.5042085697,0.0002138623638
0.0799059,0.5322756404,0.0002192045896
0.07990595,0.5598945711,0.0002244678936
0.079906,0.5875135018,0.0002297311976
0.07990605,0.6151324325,0.0002349945016
0.0799061,0.6373413592,0.0002391211709
0.07990615,0.6591544169,0.0002431646687
0.0799062,0.6809674745,0.0002472081665
0.07990625,0.7027805322,0.0002512516643
0.0799063,0.7197061191,0.0002544812851
0.07990635,0.7362740726,0.0002576513516
0.0799064,0.7528420261,0.0002608214182
0.07990645,0.7694099796,0.0002639914848
0.0799065,0.7820748498,0.0002663192112
0.07990655,0.7944541177,0.0002685853006
0.0799066,0.8068333856,0.00027085139
0.07990665,0.8192126535,0.0002731174794
0.0799067,0.8282020683,0.0002748442456
0.07990675,0.8369434357,0.0002765315476
0.0799068,0.845684803,0.0002782188496
0.07990685,0.8544261704,0.0002799061516
0.0799069,0.8606158382,0.000281016768
0.07990695,0.8666187893,0.0002820851863
0.079907,0.8726217403,0.0002831536046
0.07990705,0.8786246914,0.0002842220229
0.0799071,0.8823311587,0.0002849512445
0.07990715,0.8858695842,0.0002856556458
0.0799072,0.8894080097,0.0002863600472
0.07990725,0.8929464352,0.0002870644485
0.0799073,0.8946547152,0.0002873296669
0.07990735,0.8962290769,0.0002875627487
0.0799074,0.8978034387,0.0002877958306
0.07990745,0.8993778004,0.0002880289124
0.0799075,0.8990797982,0.0002879934378
0.07990755,0.8986447886,0.000287938312
0.0799076,0.898209779,0.0002878831861
0.07990765,0.8977747693,0.0002878280603
0.0799077,0.8956019847,0.0002873550351
0.07990775,0.893302041,0.0002868514307
0.0799078,0.8910020973,0.0002863478263
0.07990785,0.8887021536,0.0002858442219
0.0799079,0.8843107936,0.0002850203306
0.07990795,0.8797663974,0.0002841730029
0.079908,0.8752220012,0.0002833256751
0.07990805,0.8706776049,0.0002824783474
0.0799081,0.8638445103,0.000281111174
0.07990815,0.8568439436,0.0002797059617
0.0799082,0.849843377,0.0002783007494
0.07990825,0.8428428103,0.0002768955371
0.0799083,0.8328861881,0.0002749954288
0.07990835,0.822713261,0.0002730591073
0.0799084,0.8125403339,0.0002711227857
0.07990845,0.8023674068,0.0002691864642
0.0799085,0.7887305855,0.0002665092259
0.07990855,0.774840299,0.0002637777722
0.0799086,0.7609500124,0.0002610463184
0.07990865,0.7470597258,0.0002583148647
0.0799087,0.7288081089,0.0002548123123
0.07990875,0.7102373582,0.0002512533359
0.0799088,0.6916666074,0.0002476943595
0.07990885,0.6730958567,0.0002441353831
0.0799089,0.6495506123,0.0002395611321
0.07990895,0.6256413668,0.00023491259
0.079909,0.6017321213,0.0002302640479
0.07990905,0.5778228758,0.0002256155057
0.0799091,0.5481191059,0.0002199131681
0.07990915,0.5179913303,0.0002141337205
0.0799092,0.4878635546,0.000208354273
0.07990925,0.457735779,0.0002025748254
0.0799093,0.4215842315,0.0001955870981
0.07990935,0.3849919034,0.0001885109567
0.0799094,0.3483995753,0.0001814348153
0.07990945,0.3118072472,0.0001743586738
0.0799095,0.2691770929,0.0001661656778
0.07990955,0.2261051297,0.0001578909576
0.0799096,0.1830331665,0.0001496162374
0.07990965,0.1399612033,0.0001413415172
0.0799097,0.09172085357,0.0001320547288
0.07990975,0.04310231485,0.0001226938837
0.0799098,-0.005516223884,0.0001133330387
0.07990985,-0.05413476261,0.0001039721936
0.0799099,-0.1062709376,9.401716079e-05
0.07990995,-0.1586645104,8.401864915e-05
0.07991,-0.2110580832,7.402013751e-05
0.07991005,-0.263451656,6.402162586e-05
0.0799101,-0.3151219348,5.417139685e-05
0.07991015,-0.3667392876,4.43320182e-05
0.0799102,-0.4183566404,3.449263955e-05
0.07991025,-0.4699739931,2.46532609e-05
0.0799103,-0.5095852607,1.739845777e-05
0.07991035,-0.5483180007,1.033277711e-05
0.0799104,-0.5870507408,3.267096445e-06
0.07991045,-0.5981022653,1.722848446e-06
0.0799105,-0.607402465,5.279283817e-07
0.07991055,-0.6104105451,1.505718115e-08
0.0799106,-0.6088206683,5.921560948e-10
0.07991065,-0.6100649742,1.226457261e-10
0.0799107,-0.6096416878,5.598534219e-11
0.07991075,-0.6097864446,3.334507748e-11
0.0799108,-0.6097443761,2.368915368e-11
0.07991085,-0.6097610133,1.800095106e-11
0.0799109,-0.6097527343,1.500627612e-11
0.07991095,-0.6097450381,1.214092693e-11
0.079911,-0.6097469794,1.061265297e-11
0.07991105,-0.6097489207,9.084379019e-12
0.0799111,-0.6097463562,8.159723517e-12
0.07991115,-0.6097428784,7.357422181e-12
0.0799112,-0.6097394006,6.555120845e-12
0.07991125,-0.6097379937,6.015965962e-12
0.0799113,-0.6097375994,5.605483793e-12
0.07991135,-0.6097372052,5.195001624e-12
0.0799114,-0.6097368109,4.784519455e-12
0.07991145,-0.6097350382,4.499786976e-12
0.0799115,-0.6097325915,4.276543275e-12
0.07991155,-0.6097301447,4.053299574e-12
0.0799116,-0.6097276979,3.830055873e-12
0.07991165,-0.6097263945,3.66843409e-12
0.0799117,-0.6097256501,3.536944042e-12
0.07991175,-0.6097249057,3.405453995e-12
0.0799118,-0.6097241613,3.273963948e-12
0.07991185,-0.6097225078,3.177339951e-12
0.0799119,-0.6097204096,3.097764672e-12
0.07991195,-0.6097183115,3.018189393e-12
0.079912,-0.6097162133,2.938614114e-12
0.07991205,-0.6097148594,2.881838461e-12
0.0799121,-0.6097138694,2.836211314e-12
0.07991215,-0.6097128795,2.790584166e-12
0.0799122,-0.6097118895,2.744957019e-12
0.07991225,-0.6097103024,2.716093237e-12
0.0799123,-0.6097084232,2.695426365e-12
0.07991235,-0.6097065441,2.674759492e-12
0.0799124,-0.609704665,2.65409262e-12
0.07991245,-0.6097032712,2.647904126e-12
0.0799125,-0.6097021146,2.648795235e-12
0.07991255,-0.609700958,2.649686343e-12
0.0799126,-0.6096998014,2.650577452e-12
0.07991265,-0.609698252,2.665942593e-12
0.0799127,-0.6096965105,2.688385212e-12
0.07991275,-0.609694769,2.710827831e-12
0.0799128,-0.6096930275,2.73327045e-12
0.07991285,-0.6096916014,2.772841765e-12
0.0799129,-0.6096903295,2.820788629e-12
0.07991295,-0.6096890577,2.868735492e-12
0.079913,-0.6096877858,2.916682355e-12
0.07991305,-0.6096862532,2.987898701e-12
0.0799131,-0.609684593,3.070493303e-12
0.07991315,-0.6096829329,3.153087904e-12
0.0799132,-0.6096812727,3.235682505e-12
0.07991325,-0.6096798141,3.354460486e-12
0.0799133,-0.6096784541,3.490931327e-12
0.07991335,-0.609677094,3.627402169e-12
0.0799134,-0.609675734,3.76387301e-12
0.07991345,-0.6096741937,3.964367144e-12
0.0799135,-0.6096725654,4.196167231e-12
0.07991355,-0.609670937,4.427967319e-12
0.0799136,-0.6096693086,4.659767406e-12
0.07991365,-0.6096677949,5.024286232e-12
0.0799137,-0.6096663372,5.453701546e-12
0.07991375,-0.6096648796,5.883116859e-12
0.0799138,-0.6096634219,6.312532173e-12
0.07991385,-0.6096618031,7.089995776e-12
0.0799139,-0.6096601055,8.037647189e-12
0.07991395,-0.609658408,8.985298602e-12
0.079914,-0.6096567104,9.932950015e-12
0.07991405,-0.6096549377,1.234122178e-11
0.0799141,-0.6096531282,1.546370414e-11
0.07991415,-0.6096513187,1.858618651e-11
0.0799142,-0.6096495093,2.170866887e-11
0.07991425,-0.609646793,3.163624921e-11
0.0799143,-0.6096436333,4.489136987e-11
0.07991435,-0.6096381188,9.707078902e-11
0.0799144,-0.6096289422,3.121700757e-10
0.07991445,-0.6096057369,2.489853231e-09
0.0799145,-0.6095393621,1.611729242e-08
0.07991455,-0.6087827833,2.106026993e-07
0.0799146,-0.6013118802,2.010428208e-06
0.07991465,-0.5801910309,6.630610228e-06
0.0799147,-0.5474575743,1.360683583e-05
0.07991475,-0.50416551,2.208019858e-05
0.0799148,-0.4559197653,3.12559588e-05
0.07991485,-0.4041000617,4.128858117e-05
0.0799149,-0.3515638349,5.14929911e-05
0.07991495,-0.2984384279,6.166948899e-05
0.079915,-0.2446372218,7.181397132e-05
0.07991505,-0.1908360157,8.195845365e-05
0.0799151,-0.1391061165,9.185904344e-05
0.07991515,-0.08752779037,0.0001017417858
0.0799152,-0.03594946427,0.0001116245281
0.07991525,0.01562886182,0.0001215072704
0.0799153,0.06290722917,0.0001304161985
0.07991535,0.1098709361,0.0001392538652
0.0799154,0.1568346429,0.0001480915319
0.07991545,0.2037983498,0.0001569291986
0.0799155,0.2449192428,0.0001647731836
0.07991555,0.2856125729,0.0001725444533
0.0799156,0.326305903,0.000180315723
0.07991565,0.3669992331,0.0001880869928
0.0799157,0.4016340094,0.0001945998633
0.07991575,0.4358254355,0.0002010206472
0.0799158,0.4700168616,0.0002074414312
0.07991585,0.5042082877,0.0002138622151
0.0799159,0.5322753906,0.0002192044468
0.07991595,0.5598943304,0.0002244677527
0.079916,0.5875132703,0.0002297310586
0.07991605,0.6151322102,0.0002349943646
0.0799161,0.6373411644,0.0002391210393
0.07991615,0.6591542291,0.0002431645382
0.0799162,0.6809672937,0.0002472080371
0.07991625,0.7027803584,0.000251251536
0.0799163,0.7197059703,0.0002544811613
0.07991635,0.7362739305,0.0002576512294
0.0799164,0.7528418906,0.0002608212974
0.07991645,0.7694098508,0.0002639913655
0.0799165,0.7820747408,0.0002663190958
0.07991655,0.7944540137,0.0002685851859
0.0799166,0.8068332866,0.000270851276
0.07991665,0.8192125596,0.0002731173661
0.0799167,0.8282019911,0.0002748441352
0.07991675,0.8369433623,0.0002765314382
0.0799168,0.8456847334,0.0002782187412
0.07991685,0.8544261046,0.0002799060442
0.0799169,0.8606157846,0.000281016663
0.07991695,0.866618738,0.0002820850815
0.079917,0.8726216915,0.0002831535
0.07991705,0.8786246449,0.0002842219184
0.0799171,0.8823311221,0.0002849511417
0.07991715,0.8858695487,0.0002856555435
0.0799172,0.8894079753,0.0002863599453
0.07991725,0.8929464019,0.0002870643471
0.0799173,0.8946546883,0.0002873295669
0.07991735,0.8962290496,0.0002875626483
0.0799174,0.8978034108,0.0002877957298
0.07991745,0.899377772,0.0002880288112
0.0799175,0.8990797753,0.0002879933375
0.07991755,0.898644764,0.0002879382116
0.0799176,0.8982097527,0.0002878830858
0.07991765,0.8977747414,0.0002878279599
0.0799177,0.8956019597,0.0002873549353
0.07991775,0.8933020123,0.0002868513299
0.0799178,0.8910020649,0.0002863477245
0.07991785,0.8887021175,0.0002858441191
0.0799179,0.8843107599,0.0002850202282
0.07991795,0.8797663579,0.0002841728996
0.079918,0.8752219559,0.000283325571
0.07991805,0.870677554,0.0002824782424
0.0799181,0.8638444602,0.0002811110692
0.07991815,0.8568438856,0.0002797058551
0.0799182,0.849843311,0.000278300641
0.07991825,0.8428427365,0.0002768954269
0.0799183,0.8328861153,0.0002749953187
0.07991835,0.8227131779,0.0002730589955
0.0799184,0.8125402405,0.0002711226723
0.07991845,0.8023673031,0.000269186349
0.0799185,0.7887304817,0.0002665091107
0.07991855,0.7748401817,0.0002637776541
0.0799186,0.7609498817,0.0002610461975
0.07991865,0.7470595817,0.0002583147409
0.0799187,0.7288079661,0.0002548121887
0.07991875,0.7102372001,0.0002512532097
0.0799188,0.691666434,0.0002476942306
0.07991885,0.673095668,0.0002441352516
0.0799189,0.6495504239,0.0002395610007
0.07991895,0.6256411597,0.0002349124546
0.079919,0.6017318955,0.0002302639086
0.07991905,0.5778226313,0.0002256153626
0.0799191,0.5481188637,0.0002199130255
0.07991915,0.5179910686,0.0002141335745
0.0799192,0.4878632734,0.0002083541236
0.07991925,0.4577354783,0.0002025746726
0.0799193,0.4215839334,0.0001955869457
0.07991935,0.3849915852,0.0001885108001
0.0799194,0.348399237,0.0001814346546
0.07991945,0.3118068888,0.000174358509
0.0799195,0.2691767387,0.0001661655139
0.07991955,0.226104757,0.0001578907905
0.0799196,0.1830327753,0.0001496160671
0.07991965,0.1399607936,0.0001413413437
0.0799197,0.09172044967,0.0001320545563
0.07991975,0.04310189765,0.0001226937084
0.0799198,-0.005516654363,0.0001133328605
0.07991985,-0.05413520638,0.0001039720127
0.0799199,-0.1062713735,9.401698147e-05
0.07991995,-0.1586649511,8.401846936e-05
0.07992,-0.2110585286,7.401995726e-05
0.07992005,-0.2634521062,6.402144515e-05
0.0799201,-0.3151223597,5.417122124e-05
0.07992015,-0.3667396821,4.43318487e-05
0.0799202,-0.4183570045,3.449247616e-05
0.07992025,-0.469974327,2.465310361e-05
0.0799203,-0.5095855468,1.739831127e-05
0.07992035,-0.5483181894,1.033265218e-05
0.0799204,-0.5870508319,3.266993102e-06
0.07992045,-0.5981019607,1.722820728e-06
0.0799205,-0.6074020857,5.279119213e-07
0.07992055,-0.6104100307,1.505669516e-08
0.0799206,-0.608820151,5.919701716e-10
0.07992065,-0.6100644682,1.226430445e-10
0.0799207,-0.6096411826,5.598363796e-11
0.07992075,-0.6097859437,3.334446688e-11
0.0799208,-0.6097438765,2.368874304e-11
0.07992085,-0.6097605136,1.800061417e-11
0.0799209,-0.6097522342,1.500602403e-11
0.07992095,-0.6097445382,1.214073348e-11
0.079921,-0.6097464795,1.061248068e-11
0.07992105,-0.6097484208,9.084227882e-12
0.0799211,-0.6097458562,8.159595602e-12
0.07992115,-0.6097423784,7.357305149e-12
0.0799212,-0.6097389006,6.555014696e-12
0.07992125,-0.6097374938,6.015874781e-12
0.0799213,-0.6097370995,5.605397968e-12
0.07992135,-0.6097367053,5.194921155e-12
0.0799214,-0.609736311,4.784444342e-12
0.07992145,-0.6097345383,4.499719352e-12
0.0799215,-0.6097320915,4.276478636e-12
0.07992155,-0.6097296448,4.053237919e-12
0.0799216,-0.609727198,3.829997203e-12
0.07992165,-0.6097258946,3.668379389e-12
0.0799217,-0.6097251502,3.536891074e-12
0.07992175,-0.6097244058,3.405402759e-12
0.0799218,-0.6097236614,3.273914444e-12
0.07992185,-0.6097220078,3.177292758e-12
0.0799219,-0.6097199097,3.097718533e-12
0.07992195,-0.6097178115,3.018144307e-12
0.079922,-0.6097157134,2.938570082e-12
0.07992205,-0.6097143595,2.881795826e-12
0.0799221,-0.6097133695,2.836169237e-12
0.07992215,-0.6097123796,2.790542648e-12
0.0799222,-0.6097113896,2.744916059e-12
0.07992225,-0.6097098024,2.716053105e-12
0.0799223,-0.6097079233,2.695386452e-12
0.07992235,-0.6097060442,2.6747198e-12
0.0799224,-0.6097041651,2.654053147e-12
0.07992245,-0.6097027713,2.647865069e-12
0.0799225,-0.6097016147,2.648756051e-12
0.07992255,-0.6097004581,2.649647032e-12
0.0799226,-0.6096993015,2.650538013e-12
0.07992265,-0.6096977521,2.665903238e-12
0.0799227,-0.6096960106,2.688345406e-12
0.07992275,-0.6096942691,2.710787573e-12
0.0799228,-0.6096925276,2.73322974e-12
0.07992285,-0.6096911015,2.772800811e-12
0.0799229,-0.6096898297,2.820746776e-12
0.07992295,-0.6096885578,2.868692742e-12
0.079923,-0.609687286,2.916638707e-12
0.07992305,-0.6096857533,2.987854443e-12
0.0799231,-0.6096840932,3.070447548e-12
0.07992315,-0.609682433,3.153040654e-12
0.0799232,-0.6096807729,3.235633759e-12
0.07992325,-0.6096793143,3.354410635e-12
0.0799233,-0.6096779542,3.490878967e-12
0.07992335,-0.6096765942,3.627347299e-12
0.0799234,-0.6096752341,3.763815631e-12
0.07992345,-0.6096736939,3.964307909e-12
0.0799235,-0.6096720655,4.196103636e-12
0.07992355,-0.6096704371,4.427899363e-12
0.0799236,-0.6096688087,4.659695091e-12
0.07992365,-0.609667295,5.024210659e-12
0.0799237,-0.6096658374,5.453617398e-12
0.07992375,-0.6096643797,5.883024137e-12
0.0799238,-0.609662922,6.312430875e-12
0.07992385,-0.6096613033,7.089888028e-12
0.0799239,-0.6096596057,8.037518673e-12
0.07992395,-0.6096579081,8.985149317e-12
0.079924,-0.6096562105,9.932779962e-12
0.07992405,-0.6096544378,1.234103074e-11
0.0799241,-0.6096526284,1.546342756e-11
0.07992415,-0.6096508189,1.858582438e-11
0.0799242,-0.6096490095,2.17082212e-11
0.07992425,-0.6096462932,3.163574296e-11
0.0799243,-0.6096431335,4.489051798e-11
0.07992435,-0.609637619,9.706852715e-11
0.0799244,-0.6096284426,3.121565459e-10
0.07992445,-0.609605238,2.489652001e-09
0.0799245,-0.6095388637,1.611694056e-08
0.07992455,-0.6087823023,2.105978472e-07
0.0799246,-0.6013115499,2.010387488e-06
0.07992465,-0.5801911005,6.63048914e-06
0.0799247,-0.5474577109,1.360670385e-05
0.07992475,-0.5041658466,2.208003749e-05
0.0799248,-0.4559201368,3.125579226e-05
0.07992485,-0.4041004751,4.12884051e-05
0.0799249,-0.3515642583,5.149281265e-05
0.07992495,-0.2984388729,6.166930932e-05
0.079925,-0.2446376725,7.181379037e-05
0.07992505,-0.1908364721,8.195827143e-05
0.0799251,-0.1391065651,9.185886246e-05
0.07992515,-0.08752823415,0.0001017416058
0.0799252,-0.03594990319,0.0001116243491
0.07992525,0.01562842777,0.0001215070924
0.0799253,0.06290681175,0.0001304160239
0.07992535,0.1098705282,0.0001392536925
0.0799254,0.1568342446,0.0001480913611
0.07992545,0.203797961,0.0001569290296
0.0799255,0.2449188756,0.0001647730185
0.07992555,0.2856122175,0.0001725442905
0.0799256,0.3263055593,0.0001803155625
0.07992565,0.3669989012,0.0001880868344
0.0799257,0.4016336992,0.0001945997093
0.07992575,0.4358251367,0.0002010204955
0.0799258,0.4700165741,0.0002074412816
0.07992585,0.5042080115,0.0002138620677
0.0799259,0.5322751368,0.0002192043036
0.07992595,0.5598940886,0.0002244676118
0.079926,0.5875130404,0.0002297309199
0.07992605,0.6151319922,0.0002349942281
0.0799261,0.6373409657,0.0002391209067
0.07992615,0.6591540403,0.0002431644074
0.0799262,0.6809671148,0.0002472079081
0.07992625,0.7027801894,0.0002512514088
0.0799263,0.7197058193,0.0002544810374
0.07992635,0.7362737888,0.0002576511073
0.0799264,0.7528417584,0.0002608211772
0.07992645,0.769409728,0.0002639912471
0.0799265,0.7820746313,0.00026631898
0.07992655,0.7944539105,0.0002685850712
0.0799266,0.8068331897,0.0002708511624
0.07992665,0.819212469,0.0002731172536
0.0799267,0.8282019122,0.0002748440249
0.07992675,0.8369432894,0.0002765313291
0.0799268,0.8456846665,0.0002782186333
0.07992685,0.8544260436,0.0002799059375
0.0799269,0.8606157312,0.0002810165578
0.07992695,0.8666186877,0.0002820849767
0.079927,0.8726216443,0.0002831533956
0.07992705,0.8786246008,0.0002842218146
0.0799271,0.8823310845,0.000284951039
0.07992715,0.8858695136,0.0002856554415
0.0799272,0.8894079427,0.0002863598439
0.07992725,0.8929463719,0.0002870642463
0.0799273,0.8946546616,0.0002873294666
0.07992735,0.8962290228,0.0002875625479
0.0799274,0.8978033841,0.0002877956292
0.07992745,0.8993777453,0.0002880287104
0.0799275,0.8990797511,0.0002879932372
0.07992755,0.8986447391,0.0002879381114
0.0799276,0.8982097271,0.0002878829855
0.07992765,0.8977747151,0.0002878278597
0.0799277,0.8956019335,0.0002873548351
0.07992775,0.8933019829,0.0002868512288
0.0799278,0.8910020323,0.0002863476226
0.07992785,0.8887020817,0.0002858440163
0.0799279,0.8843107237,0.0002850201254
0.07992795,0.8797663177,0.0002841727963
0.079928,0.8752219118,0.0002833254671
0.07992805,0.8706775058,0.000282478138
0.0799281,0.8638444093,0.0002811109642
0.07992815,0.8568438278,0.0002797057485
0.0799282,0.8498432462,0.0002783005328
0.07992825,0.8428426647,0.000276895317
0.0799283,0.8328860403,0.0002749952084
0.07992835,0.8227130944,0.0002730588838
0.0799284,0.8125401486,0.0002711225591
0.07992845,0.8023672027,0.0002691862345
0.0799285,0.7887303763,0.0002665089952
0.07992855,0.7748400653,0.0002637775362
0.0799286,0.7609497542,0.0002610460771
0.07992865,0.7470594431,0.0002583146181
0.0799287,0.7288078219,0.000254812065
0.07992875,0.7102370425,0.0002512530836
0.0799288,0.6916662631,0.0002476941023
0.07992885,0.6730954838,0.0002441351209
0.0799289,0.6495502334,0.0002395608687
0.07992895,0.6256409541,0.0002349123196
0.079929,0.6017316749,0.0002302637704
0.07992905,0.5778223956,0.0002256152212
0.0799291,0.5481186214,0.000219912883
0.07992915,0.5179908095,0.0002141334291
0.0799292,0.4878629976,0.0002083539751
0.07992925,0.4577351857,0.0002025745212
0.0799293,0.4215836343,0.000195586793
0.07992935,0.3849912692,0.000188510644
0.0799294,0.348398904,0.000181434495
0.07992945,0.3118065389,0.000174358346
0.0799295,0.2691763833,0.00016616535
0.07992955,0.2261043859,0.0001578906238
0.0799296,0.1830323884,0.0001496158976
0.07992965,0.139960391,0.0001413411714
0.0799297,0.09172004395,0.0001320543832
0.07992975,0.04310148021,0.0001226935329
0.0799298,-0.005517083551,0.0001133326827
0.07992985,-0.05413564731,0.0001039718324
0.0799299,-0.1062718113,9.401680196e-05
0.07992995,-0.1586653912,8.401828979e-05
0.07993,-0.2110589711,7.401977763e-05
0.07993005,-0.2634525509,6.402126546e-05
0.0799301,-0.3151227806,5.417104635e-05
0.07993015,-0.3667400759,4.433167923e-05
0.0799302,-0.4183573712,3.449231212e-05
0.07993025,-0.4699746665,2.465294501e-05
0.0799303,-0.5095858245,1.739816652e-05
0.07993035,-0.5483183805,1.03325267e-05
0.0799304,-0.5870509365,3.26688688e-06
0.07993045,-0.5981016527,1.722793857e-06
0.0799305,-0.6074017133,5.278946483e-07
0.07993055,-0.610409514,1.505624588e-08
0.0799306,-0.6088196334,5.917819725e-10
0.07993065,-0.6100639624,1.226403947e-10
0.0799307,-0.6096406775,5.598197228e-11
0.07993075,-0.6097854429,3.334384994e-11
0.0799308,-0.6097433769,2.368832955e-11
0.07993085,-0.6097600139,1.800028141e-11
0.0799309,-0.6097517342,1.500576987e-11
0.07993095,-0.6097440384,1.214053973e-11
0.079931,-0.6097459797,1.06123083e-11
0.07993105,-0.6097479209,9.084076878e-12
0.0799311,-0.6097453563,8.159468734e-12
0.07993115,-0.6097418785,7.35718944e-12
0.0799312,-0.6097384007,6.554910146e-12
0.07993125,-0.6097369939,6.015782786e-12
0.0799313,-0.6097365997,5.605311853e-12
0.07993135,-0.6097362054,5.19484092e-12
0.0799314,-0.6097358112,4.784369987e-12
0.07993145,-0.6097340384,4.499651439e-12
0.0799315,-0.6097315916,4.276413923e-12
0.07993155,-0.6097291449,4.053176407e-12
0.0799316,-0.6097266981,3.829938891e-12
0.07993165,-0.6097253947,3.668324534e-12
0.0799317,-0.6097246504,3.536838078e-12
0.07993175,-0.609723906,3.405351622e-12
0.0799318,-0.6097231616,3.273865166e-12
0.07993185,-0.609721508,3.177245503e-12
0.0799319,-0.6097194098,3.097672408e-12
0.07993195,-0.6097173117,3.018099313e-12
0.079932,-0.6097152135,2.938526217e-12
0.07993205,-0.6097138597,2.88175317e-12
0.0799321,-0.6097128697,2.836127191e-12
0.07993215,-0.6097118797,2.790501212e-12
0.0799322,-0.6097108897,2.744875233e-12
0.07993225,-0.6097093026,2.716012965e-12
0.0799323,-0.6097074235,2.695346567e-12
0.07993235,-0.6097055444,2.674680169e-12
0.0799324,-0.6097036653,2.654013771e-12
0.07993245,-0.6097022714,2.64782599e-12
0.0799325,-0.6097011149,2.648716884e-12
0.07993255,-0.6096999583,2.649607778e-12
0.0799326,-0.6096988017,2.650498671e-12
0.07993265,-0.6096972523,2.665863863e-12
0.0799327,-0.6096955108,2.688305618e-12
0.07993275,-0.6096937693,2.710747374e-12
0.0799328,-0.6096920278,2.733189129e-12
0.07993285,-0.6096906017,2.772759819e-12
0.0799329,-0.6096893298,2.820704939e-12
0.07993295,-0.609688058,2.86865006e-12
0.079933,-0.6096867862,2.91659518e-12
0.07993305,-0.6096852535,2.987810127e-12
0.0799331,-0.6096835934,3.070401819e-12
0.07993315,-0.6096819332,3.152993512e-12
0.0799332,-0.609680273,3.235585204e-12
0.07993325,-0.6096788145,3.35436069e-12
0.0799333,-0.6096774544,3.490826632e-12
0.07993335,-0.6096760944,3.627292573e-12
0.0799334,-0.6096747343,3.763758515e-12
0.07993345,-0.6096731941,3.964248445e-12
0.0799335,-0.6096715657,4.196040055e-12
0.07993355,-0.6096699373,4.427831665e-12
0.0799336,-0.6096683089,4.659623275e-12
0.07993365,-0.6096667952,5.024134597e-12
0.0799337,-0.6096653375,5.453533315e-12
0.07993375,-0.6096638799,5.882932033e-12
0.0799338,-0.6096624222,6.312330751e-12
0.07993385,-0.6096608034,7.08977895e-12
0.0799339,-0.6096591059,8.037390454e-12
0.07993395,-0.6096574083,8.985001958e-12
0.079934,-0.6096557107,9.932613462e-12
0.07993405,-0.609653938,1.2340834e-11
0.0799341,-0.6096521286,1.546315433e-11
0.07993415,-0.6096503191,1.858547466e-11
0.0799342,-0.6096485097,2.170779499e-11
0.07993425,-0.6096457934,3.163521146e-11
0.0799343,-0.6096426337,4.488967684e-11
0.07993435,-0.6096371193,9.706626026e-11
0.0799344,-0.609627943,3.121429397e-10
0.07993445,-0.6096047392,2.489445042e-09
0.0799345,-0.6095383655,1.611659281e-08
0.07993455,-0.6087818206,2.105931976e-07
0.0799346,-0.6013112123,2.010348438e-06
0.07993465,-0.5801911722,6.630367526e-06
0.0799347,-0.547457823,1.360657587e-05
0.07993475,-0.5041661843,2.207987691e-05
0.0799348,-0.455920498,3.125562776e-05
0.07993485,-0.4041008924,4.128822768e-05
0.0799349,-0.3515646855,5.149263314e-05
0.07993495,-0.2984393229,6.166912915e-05
0.079935,-0.2446381256,7.181360955e-05
0.07993505,-0.1908369282,8.195808994e-05
0.0799351,-0.1391070069,9.185868253e-05
0.07993515,-0.08752867631,0.0001017414257
0.0799352,-0.03595034568,0.0001116241688
0.07993525,0.01562798495,0.000121506912
0.0799353,0.06290640118,0.0001304158509
0.07993535,0.1098701193,0.0001392535199
0.0799354,0.1568338374,0.000148091189
0.07993545,0.2037975555,0.000156928858
0.0799355,0.2449185159,0.0001647728547
0.07993555,0.2856118621,0.0001725441274
0.0799356,0.3263052082,0.0001803154001
0.07993565,0.3669985543,0.0001880866728
0.0799357,0.4016333988,0.0001945995573
0.07993575,0.4358248392,0.0002010203441
0.0799358,0.4700162797,0.000207441131
0.07993585,0.5042077202,0.0002138619178
0.0799359,0.5322748928,0.0002192041619
0.07993595,0.5598938482,0.0002244674708
0.079936,0.5875128036,0.0002297307796
0.07993605,0.6151317591,0.0002349940884
0.0799361,0.6373407743,0.0002391207757
0.07993615,0.6591538519,0.000243164277
0.0799362,0.6809669295,0.0002472077783
0.07993625,0.7027800072,0.0002512512797
0.0799363,0.719705675,0.0002544809146
0.07993635,0.7362736476,0.000257650985
0.0799364,0.7528416202,0.0002608210555
0.07993645,0.7694095928,0.0002639911259
0.0799365,0.7820745259,0.0002663188652
0.07993655,0.794453807,0.0002685849568
0.0799366,0.8068330881,0.0002708510483
0.07993665,0.8192123691,0.0002731171399
0.0799367,0.8282018384,0.0002748439154
0.07993675,0.8369432173,0.0002765312199
0.0799368,0.8456845961,0.0002782185244
0.07993685,0.854425975,0.0002799058289
0.0799369,0.8606156811,0.0002810164533
0.07993695,0.8666186377,0.0002820848723
0.079937,0.8726215944,0.0002831532912
0.07993705,0.878624551,0.0002842217101
0.0799371,0.8823310507,0.0002849509369
0.07993715,0.8858694795,0.0002856553393
0.0799372,0.8894079082,0.0002863597417
0.07993725,0.892946337,0.0002870641441
0.0799373,0.8946546376,0.0002873293671
0.07993735,0.8962289965,0.0002875624478
0.0799374,0.8978033555,0.0002877955286
0.07993745,0.8993777144,0.0002880286093
0.0799375,0.8990797304,0.0002879931375
0.07993755,0.8986447151,0.0002879380111
0.0799376,0.8982096998,0.0002878828846
0.07993765,0.8977746845,0.0002878277582
0.0799377,0.8956019099,0.0002873547354
0.07993775,0.8933019538,0.0002868511281
0.0799378,0.8910019977,0.0002863475207
0.07993785,0.8887020416,0.0002858439133
0.0799379,0.8843106917,0.0002850200234
0.07993795,0.8797662787,0.000284172693
0.079938,0.8752218658,0.0002833253626
0.07993805,0.8706774529,0.0002824780322
0.0799381,0.8638443624,0.00028111086
0.07993815,0.8568437704,0.0002797056422
0.0799382,0.8498431784,0.0002783004243
0.07993825,0.8428425864,0.0002768952065
0.0799383,0.8328859706,0.000274995099
0.07993835,0.822713012,0.0002730587721
0.0799384,0.8125400534,0.0002711224451
0.07993845,0.8023670949,0.0002691861181
0.0799385,0.7887302768,0.0002665088808
0.07993855,0.7748399491,0.0002637774184
0.0799386,0.7609496213,0.000261045956
0.07993865,0.7470592936,0.0002583144937
0.0799387,0.7288076843,0.0002548119425
0.07993875,0.7102368856,0.0002512529575
0.0799388,0.6916660869,0.0002476939726
0.07993885,0.6730952882,0.0002441349877
0.0799389,0.6495500505,0.0002395607382
0.07993895,0.6256407482,0.0002349121845
0.079939,0.6017314459,0.0002302636308
0.07993905,0.5778221436,0.0002256150771
0.0799391,0.5481183863,0.0002199127418
0.07993915,0.5179905498,0.0002141332833
0.0799392,0.4878627133,0.0002083538248
0.07993925,0.4577348768,0.0002025743664
0.0799393,0.4215833429,0.0001955866418
0.07993935,0.3849909524,0.0001885104878
0.0799394,0.3483985618,0.0001814343338
0.07993945,0.3118061713,0.0001743581798
0.0799395,0.2691760357,0.0001661651875
0.07993955,0.2261040153,0.0001578904571
0.0799396,0.1830319949,0.0001496157267
0.07993965,0.1399599746,0.0001413409963
0.0799397,0.09171964608,0.0001320542118
0.07993975,0.04310106429,0.0001226933579
0.0799398,-0.005517517495,0.0001133325041
0.07993985,-0.05413609928,0.0001039716502
0.0799399,-0.1062722441,9.401662328e-05
0.07993995,-0.158665829,8.401811053e-05
0.07994,-0.211059414,7.401959778e-05
0.07994005,-0.2634529989,6.402108503e-05
0.0799401,-0.3151232031,5.417087114e-05
0.07994015,-0.3667404652,4.433151081e-05
0.0799402,-0.4183577273,3.449215048e-05
0.07994025,-0.4699749895,2.465279015e-05
0.0799403,-0.5095861271,1.73980166e-05
0.07994035,-0.5483185716,1.033240139e-05
0.0799404,-0.5870510162,3.266786175e-06
0.07994045,-0.5981013511,1.722765479e-06
0.0799405,-0.6074013272,5.278789945e-07
0.07994055,-0.6104090016,1.505572734e-08
0.0799406,-0.6088191168,5.916001525e-10
0.07994065,-0.6100634565,1.226377102e-10
0.0799407,-0.6096401725,5.598027211e-11
0.07994075,-0.609784942,3.334323732e-11
0.0799408,-0.6097428774,2.368791897e-11
0.07994085,-0.6097595143,1.799994598e-11
0.0799409,-0.6097512343,1.500551628e-11
0.07994095,-0.6097435387,1.214034777e-11
0.079941,-0.6097454799,1.061213677e-11
0.07994105,-0.6097474211,9.083925764e-12
0.0799411,-0.6097448564,8.159341302e-12
0.07994115,-0.6097413786,7.357072892e-12
0.0799412,-0.6097379009,6.554804482e-12
0.07994125,-0.6097364941,6.015691577e-12
0.0799413,-0.6097360999,5.605226098e-12
0.07994135,-0.6097357056,5.19476062e-12
0.0799414,-0.6097353114,4.784295141e-12
0.07994145,-0.6097335385,4.499583864e-12
0.0799415,-0.6097310918,4.276349372e-12
0.07994155,-0.6097286451,4.05311488e-12
0.0799416,-0.6097261983,3.829880387e-12
0.07994165,-0.609724895,3.668269893e-12
0.0799417,-0.6097241506,3.536785193e-12
0.07994175,-0.6097234062,3.405300492e-12
0.0799418,-0.6097226618,3.273815792e-12
0.07994185,-0.6097210081,3.177198377e-12
0.0799419,-0.60971891,3.097626344e-12
0.07994195,-0.6097168119,3.018054312e-12
0.079942,-0.6097147137,2.93848228e-12
0.07994205,-0.6097133599,2.88171059e-12
0.0799421,-0.6097123699,2.836085181e-12
0.07994215,-0.6097113799,2.790459772e-12
0.0799422,-0.6097103899,2.744834364e-12
0.07994225,-0.6097088028,2.715972893e-12
0.0799423,-0.6097069237,2.69530672e-12
0.07994235,-0.6097050446,2.674640546e-12
0.0799424,-0.6097031655,2.653974372e-12
0.07994245,-0.6097017717,2.647786983e-12
0.0799425,-0.6097006151,2.648677759e-12
0.07994255,-0.6096994585,2.649568535e-12
0.0799426,-0.6096983019,2.650459311e-12
0.07994265,-0.6096967525,2.665824561e-12
0.0799427,-0.609695011,2.68826587e-12
0.07994275,-0.6096932695,2.710707179e-12
0.0799428,-0.609691528,2.733148488e-12
0.07994285,-0.6096901019,2.772718908e-12
0.0799429,-0.6096888301,2.820663145e-12
0.07994295,-0.6096875582,2.868607381e-12
0.079943,-0.6096862864,2.916551618e-12
0.07994305,-0.6096847537,2.987765923e-12
0.0799431,-0.6096830936,3.070356141e-12
0.07994315,-0.6096814334,3.15294636e-12
0.0799432,-0.6096797732,3.235536578e-12
0.07994325,-0.6096783147,3.354310904e-12
0.0799433,-0.6096769546,3.490774362e-12
0.07994335,-0.6096755946,3.627237819e-12
0.0799434,-0.6096742345,3.763701277e-12
0.07994345,-0.6096726943,3.964189257e-12
0.0799435,-0.6096710659,4.195976563e-12
0.07994355,-0.6096694375,4.42776387e-12
0.0799436,-0.6096678092,4.659551176e-12
0.07994365,-0.6096662954,5.024059044e-12
0.0799437,-0.6096648378,5.453449303e-12
0.07994375,-0.6096633801,5.882839563e-12
0.0799438,-0.6096619225,6.312229822e-12
0.07994385,-0.6096603037,7.089671076e-12
0.0799439,-0.6096586061,8.037262162e-12
0.07994395,-0.6096569085,8.984853247e-12
0.079944,-0.609655211,9.932444332e-12
0.07994405,-0.6096534383,1.234064215e-11
0.0799441,-0.6096516288,1.546287898e-11
0.07994415,-0.6096498194,1.858511581e-11
0.0799442,-0.6096480099,2.170735264e-11
0.07994425,-0.6096452936,3.163470066e-11
0.0799443,-0.609642134,4.488882705e-11
0.07994435,-0.6096366196,9.70639989e-11
0.0799444,-0.6096274435,3.121293887e-10
0.07994445,-0.6096042404,2.489243039e-09
0.0799445,-0.6095378672,1.611624292e-08
0.07994455,-0.6087813393,2.105884662e-07
0.0799446,-0.601310876,2.01030911e-06
0.07994465,-0.5801912413,6.630246488e-06
0.0799447,-0.547457937,1.360644774e-05
0.07994475,-0.5041665206,2.207971642e-05
0.0799448,-0.4559208625,3.125546239e-05
0.07994485,-0.4041013107,4.128805013e-05
0.0799449,-0.3515651139,5.149245369e-05
0.07994495,-0.298439774,6.166894884e-05
0.079945,-0.2446385813,7.181342804e-05
0.07994505,-0.1908373885,8.195790724e-05
0.0799451,-0.1391074526,9.185850176e-05
0.07994515,-0.08752912019,0.0001017412454
0.0799452,-0.03595078783,0.000111623989
0.07994525,0.01562754454,0.0001215067326
0.0799453,0.06290599104,0.0001304156782
0.07994535,0.1098697116,0.0001392533476
0.0799454,0.1568334322,0.0001480910169
0.07994545,0.2037971527,0.0001569286863
0.0799455,0.2449181559,0.0001647726905
0.07994555,0.2856115072,0.0001725439644
0.0799456,0.3263048584,0.0001803152383
0.07994565,0.3669982097,0.0001880865121
0.0799457,0.4016330973,0.0001945994054
0.07994575,0.4358245417,0.0002010201928
0.0799458,0.470015986,0.0002074409802
0.07994585,0.5042074303,0.0002138617676
0.0799459,0.5322746477,0.0002192040199
0.07994595,0.5598936083,0.0002244673299
0.079946,0.5875125688,0.0002297306399
0.07994605,0.6151315294,0.0002349939498
0.0799461,0.6373405832,0.000239120645
0.07994615,0.6591536642,0.0002431641467
0.0799462,0.6809667452,0.0002472076484
0.07994625,0.7027798261,0.0002512511501
0.0799463,0.7197055297,0.0002544807914
0.07994635,0.7362735065,0.0002576508628
0.0799464,0.7528414834,0.0002608209343
0.07994645,0.7694094602,0.0002639910058
0.0799465,0.7820744209,0.0002663187508
0.07994655,0.7944537041,0.0002685848424
0.0799466,0.8068329874,0.0002708509341
0.07994665,0.8192122706,0.0002731170258
0.0799467,0.828201764,0.0002748438054
0.07994675,0.8369431451,0.0002765311106
0.0799468,0.8456845261,0.0002782184159
0.07994685,0.8544259071,0.0002799057211
0.0799469,0.8606156305,0.0002810163491
0.07994695,0.8666185877,0.0002820847678
0.079947,0.8726215449,0.0002831531865
0.07994705,0.8786245022,0.0002842216052
0.0799471,0.8823310168,0.0002849508345
0.07994715,0.8858694456,0.0002856552372
0.0799472,0.8894078744,0.0002863596399
0.07994725,0.8929463031,0.0002870640427
0.0799473,0.8946546137,0.0002873292678
0.07994735,0.8962289706,0.0002875623478
0.0799474,0.8978033275,0.0002877954278
0.07994745,0.8993776844,0.0002880285078
0.0799475,0.8990797096,0.0002879930374
0.07994755,0.8986446913,0.0002879379108
0.0799476,0.898209673,0.0002878827841
0.07994765,0.8977746547,0.0002878276575
0.0799477,0.8956018865,0.0002873546361
0.07994775,0.8933019253,0.0002868510274
0.0799478,0.8910019642,0.0002863474187
0.07994785,0.8887020031,0.00028584381
0.0799479,0.8843106596,0.0002850199211
0.07994795,0.8797662395,0.0002841725897
0.079948,0.8752218194,0.0002833252582
0.07994805,0.8706773993,0.0002824779268
0.0799481,0.8638443141,0.0002811107558
0.07994815,0.8568437123,0.0002797055357
0.0799482,0.8498431106,0.0002783003156
0.07994825,0.8428425088,0.0002768950955
0.0799483,0.8328859,0.0002749949893
0.07994835,0.8227129292,0.0002730586603
0.0799484,0.8125399584,0.0002711223313
0.07994845,0.8023669876,0.0002691860024
0.0799485,0.7887301767,0.0002665087666
0.07994855,0.7748398333,0.0002637773008
0.0799486,0.76094949,0.000261045835
0.07994865,0.7470591467,0.0002583143693
0.0799487,0.7288075468,0.0002548118198
0.07994875,0.710236729,0.0002512528315
0.0799488,0.6916659112,0.0002476938433
0.07994885,0.6730950934,0.0002441348551
0.0799489,0.6495498666,0.0002395606078
0.07994895,0.6256405427,0.0002349120496
0.079949,0.6017312188,0.0002302634914
0.07994905,0.577821895,0.0002256149332
0.0799491,0.5481181513,0.0002199126004
0.07994915,0.5179902907,0.0002141331377
0.0799492,0.4878624301,0.000208353675
0.07994925,0.4577345695,0.0002025742122
0.0799493,0.4215830511,0.0001955864908
0.07994935,0.3849906369,0.0001885103319
0.0799494,0.3483982227,0.0001814341731
0.07994945,0.3118058086,0.0001743580143
0.0799495,0.2691756891,0.0001661650251
0.07994955,0.2261036457,0.0001578902906
0.0799496,0.1830316023,0.0001496155561
0.07994965,0.1399595589,0.0001413408216
0.0799497,0.09171924654,0.0001320540401
0.07994975,0.04310064779,0.0001226931828
0.0799498,-0.005517950966,0.0001133323255
0.07994985,-0.05413654972,0.0001039714682
0.0799499,-0.1062726783,9.401644426e-05
0.07994995,-0.158666269,8.401793085e-05
0.07995,-0.2110598597,7.401941745e-05
0.07995005,-0.2634534504,6.402090404e-05
0.0799501,-0.3151236283,5.41706955e-05
0.07995015,-0.3667408568,4.4331342e-05
0.0799502,-0.4183580852,3.449198849e-05
0.07995025,-0.4699753136,2.465263498e-05
0.0799503,-0.5095864248,1.739786767e-05
0.07995035,-0.5483187599,1.033227662e-05
0.0799504,-0.5870510949,3.266685567e-06
0.07995045,-0.5981010506,1.722736859e-06
0.0799505,-0.6074009418,5.278632676e-07
0.07995055,-0.6104084895,1.505520809e-08
0.0799506,-0.6088186,5.914187176e-10
0.07995065,-0.6100629507,1.226350217e-10
0.0799507,-0.6096396674,5.597857864e-11
0.07995075,-0.6097844411,3.334262504e-11
0.0799508,-0.6097423779,2.368750857e-11
0.07995085,-0.6097590148,1.799961208e-11
0.0799509,-0.6097507344,1.500526265e-11
0.07995095,-0.609743039,1.214015605e-11
0.079951,-0.6097449802,1.061196505e-11
0.07995105,-0.6097469214,9.083774063e-12
0.0799511,-0.6097443566,8.159214636e-12
0.07995115,-0.6097408788,7.356956947e-12
0.0799512,-0.609737401,6.554699258e-12
0.07995125,-0.6097359944,6.015600392e-12
0.0799513,-0.6097356001,5.605140424e-12
0.07995135,-0.6097352058,5.194680456e-12
0.0799514,-0.6097348116,4.784220488e-12
0.07995145,-0.6097330387,4.499516321e-12
0.0799515,-0.609730592,4.27628487e-12
0.07995155,-0.6097281453,4.05305342e-12
0.0799516,-0.6097256985,3.829821969e-12
0.07995165,-0.6097243952,3.66821526e-12
0.0799517,-0.6097236508,3.536732332e-12
0.07995175,-0.6097229064,3.405249404e-12
0.0799518,-0.609722162,3.273766476e-12
0.07995185,-0.6097205083,3.17715127e-12
0.0799519,-0.6097184102,3.097580315e-12
0.07995195,-0.6097163121,3.01800936e-12
0.079952,-0.6097142139,2.938438405e-12
0.07995205,-0.6097128601,2.881668045e-12
0.0799521,-0.6097118701,2.836043211e-12
0.07995215,-0.6097108802,2.790418376e-12
0.0799522,-0.6097098902,2.744793542e-12
0.07995225,-0.609708303,2.715932849e-12
0.0799523,-0.6097064239,2.695266906e-12
0.07995235,-0.6097045448,2.674600963e-12
0.0799524,-0.6097026657,2.65393502e-12
0.07995245,-0.6097012719,2.647748005e-12
0.0799525,-0.6097001153,2.648638668e-12
0.07995255,-0.6096989587,2.649529332e-12
0.0799526,-0.6096978022,2.650419995e-12
0.07995265,-0.6096962527,2.665785289e-12
0.0799527,-0.6096945112,2.68822616e-12
0.07995275,-0.6096927697,2.710667032e-12
0.0799528,-0.6096910282,2.733107903e-12
0.07995285,-0.6096896021,2.772678032e-12
0.0799529,-0.6096883303,2.820621389e-12
0.07995295,-0.6096870585,2.868564746e-12
0.079953,-0.6096857866,2.916508104e-12
0.07995305,-0.609684254,2.98772174e-12
0.0799531,-0.6096825938,3.070310496e-12
0.07995315,-0.6096809337,3.152899252e-12
0.0799532,-0.6096792735,3.235488008e-12
0.07995325,-0.6096778149,3.354261137e-12
0.0799533,-0.6096764549,3.490722131e-12
0.07995335,-0.6096750948,3.627183126e-12
0.0799534,-0.6096737348,3.76364412e-12
0.07995345,-0.6096721945,3.964130082e-12
0.0799535,-0.6096705662,4.195913118e-12
0.07995355,-0.6096689378,4.427696153e-12
0.0799536,-0.6096673094,4.659479189e-12
0.07995365,-0.6096657957,5.023983469e-12
0.0799537,-0.609664338,5.453365356e-12
0.07995375,-0.6096628804,5.882747243e-12
0.0799538,-0.6096614227,6.312129131e-12
0.07995385,-0.6096598039,7.089563104e-12
0.0799539,-0.6096581064,8.037134019e-12
0.07995395,-0.6096564088,8.984704935e-12
0.079954,-0.6096547112,9.93227585e-12
0.07995405,-0.6096529385,1.23404496e-11
0.0799541,-0.6096511291,1.546260412e-11
0.07995415,-0.6096493197,1.858475864e-11
0.0799542,-0.6096475102,2.170691316e-11
0.07995425,-0.6096447939,3.163418598e-11
0.0799543,-0.6096416343,4.48879782e-11
0.07995435,-0.60963612,9.706174025e-11
0.0799544,-0.609626944,3.121158233e-10
0.07995445,-0.6096037416,2.489040063e-09
0.0799545,-0.609537369,1.61159014e-08
0.07995455,-0.6087808576,2.105838473e-07
0.0799546,-0.6013105407,2.010269487e-06
0.07995465,-0.5801913185,6.630123713e-06
0.0799547,-0.5474580616,1.360631753e-05
0.07995475,-0.5041668619,2.207955512e-05
0.0799548,-0.4559212261,3.12552977e-05
0.07995485,-0.4041017272,4.128787305e-05
0.0799549,-0.3515655416,5.149227387e-05
0.07995495,-0.2984402259,6.166876797e-05
0.079955,-0.2446390377,7.181324643e-05
0.07995505,-0.1908378495,8.195772488e-05
0.0799551,-0.1391079011,9.185832087e-05
0.07995515,-0.0875295659,0.0001017410648
0.0799552,-0.0359512307,0.0001116238088
0.07995525,0.0156271045,0.0001215065528
0.0799553,0.06290557768,0.0001304155044
0.07995535,0.1098693042,0.0001392531752
0.0799554,0.1568330307,0.0001480908459
0.07995545,0.2037967572,0.0001569285167
0.0799555,0.2449177949,0.0001647725267
0.07995555,0.2856111523,0.0001725438015
0.0799556,0.3263045096,0.0001803150763
0.07995565,0.3669978669,0.000188086351
0.0799557,0.4016327917,0.0001945992522
0.07995575,0.4358242437,0.0002010200413
0.0799558,0.4700156957,0.0002074408305
0.07995585,0.5042071477,0.0002138616196
0.0799559,0.5322744019,0.0002192038783
0.07995595,0.5598933693,0.0002244671893
0.079956,0.5875123368,0.0002297305003
0.07995605,0.6151313043,0.0002349938113
0.0799561,0.6373403903,0.0002391205133
0.07995615,0.6591534771,0.0002431640164
0.0799562,0.6809665639,0.0002472075195
0.07995625,0.7027796507,0.0002512510226
0.0799563,0.7197053838,0.0002544806686
0.07995635,0.7362733662,0.0002576507409
0.0799564,0.7528413487,0.0002608208132
0.07995645,0.7694093311,0.0002639908855
0.0799565,0.7820743146,0.0002663186354
0.07995655,0.7944536015,0.000268584728
0.0799566,0.8068328884,0.0002708508206
0.07995665,0.8192121753,0.0002731169132
0.0799567,0.8282016887,0.000274843696
0.07995675,0.8369430733,0.0002765310016
0.0799568,0.8456844579,0.0002782183073
0.07995685,0.8544258424,0.0002799056129
0.0799569,0.8606155796,0.0002810162442
0.07995695,0.866618538,0.0002820846633
0.079957,0.8726214965,0.0002831530824
0.07995705,0.878624455,0.0002842215015
0.0799571,0.8823309818,0.0002849507326
0.07995715,0.8858694116,0.0002856551353
0.0799572,0.8894078413,0.000286359538
0.07995725,0.8929462711,0.0002870639407
0.0799573,0.8946545895,0.0002873291679
0.07995735,0.8962289451,0.0002875622478
0.0799574,0.8978033007,0.0002877953277
0.07995745,0.8993776563,0.0002880284076
0.0799575,0.8990796886,0.000287992938
0.07995755,0.8986446683,0.0002879378108
0.0799576,0.8982096481,0.0002878826836
0.07995765,0.8977746278,0.0002878275564
0.0799577,0.8956018634,0.0002873545363
0.07995775,0.8933018974,0.0002868509268
0.0799578,0.8910019314,0.0002863473172
0.07995785,0.8887019655,0.0002858437077
0.0799579,0.8843106265,0.0002850198192
0.07995795,0.8797662007,0.0002841724865
0.079958,0.8752217748,0.0002833251539
0.07995805,0.8706773489,0.0002824778212
0.0799581,0.8638442663,0.0002811106512
0.07995815,0.8568436556,0.0002797054294
0.0799582,0.849843045,0.0002783002077
0.07995825,0.8428424343,0.000276894986
0.0799583,0.8328858291,0.0002749948799
0.07995835,0.8227128472,0.0002730585488
0.0799584,0.8125398653,0.0002711222176
0.07995845,0.8023668834,0.0002691858864
0.0799585,0.7887300752,0.0002665086515
0.07995855,0.7748397175,0.0002637771831
0.0799586,0.7609493598,0.0002610457146
0.07995865,0.7470590021,0.0002583142461
0.0799587,0.7288074071,0.0002548116972
0.07995875,0.7102365727,0.0002512527057
0.0799588,0.6916657384,0.0002476937142
0.07995885,0.673094904,0.0002441347228
0.0799589,0.649549682,0.0002395604767
0.07995895,0.6256403384,0.0002349119148
0.079959,0.6017309948,0.0002302633529
0.07995905,0.5778216513,0.0002256147909
0.0799591,0.5481179147,0.0002199124593
0.07995915,0.5179900328,0.0002141329924
0.0799592,0.487862151,0.0002083535256
0.07995925,0.4577342692,0.0002025740588
0.0799593,0.421582758,0.000195586339
0.07995935,0.3849903217,0.000188510176
0.0799594,0.3483978854,0.000181434013
0.07995945,0.3118054491,0.00017435785
0.0799595,0.2691753389,0.0001661648624
0.07995955,0.2261032755,0.0001578901241
0.0799596,0.1830312121,0.0001496153857
0.07995965,0.1399591487,0.0001413406474
0.0799597,0.09171884601,0.0001320538679
0.07995975,0.04310023207,0.0001226930078
0.0799598,-0.005518381876,0.0001133321477
0.07995985,-0.05413699582,0.0001039712876
0.0799599,-0.1062731123,9.401626566e-05
0.07995995,-0.1586667073,8.401775156e-05
0.07996,-0.2110603024,7.401923746e-05
0.07996005,-0.2634538974,6.402072337e-05
0.0799601,-0.3151240507,5.417052007e-05
0.07996015,-0.3667412485,4.433117302e-05
0.0799602,-0.4183584464,3.449182597e-05
0.07996025,-0.4699756442,2.465247891e-05
0.0799603,-0.509586717,1.739772012e-05
0.07996035,-0.5483189504,1.033215126e-05
0.0799604,-0.5870511838,3.266582404e-06
0.07996045,-0.5981007452,1.722709191e-06
0.0799605,-0.6074005617,5.278470503e-07
0.07996055,-0.6104079762,1.505471493e-08
0.0799606,-0.608818082,5.912318899e-10
0.07996065,-0.610062445,1.22632375e-10
0.0799607,-0.6096391622,5.597687594e-11
0.07996075,-0.6097839403,3.334201483e-11
0.0799608,-0.6097418785,2.36870992e-11
0.07996085,-0.6097585152,1.799927805e-11
0.0799609,-0.6097502345,1.500500768e-11
0.07996095,-0.6097425393,1.213996603e-11
0.079961,-0.6097444805,1.061179438e-11
0.07996105,-0.6097464217,9.083622722e-12
0.0799611,-0.6097438568,8.159087875e-12
0.07996115,-0.609740379,7.356840534e-12
0.0799612,-0.6097369012,6.554593192e-12
0.07996125,-0.6097354946,6.015509684e-12
0.0799613,-0.6097351004,5.605054951e-12
0.07996135,-0.6097347061,5.194600218e-12
0.0799614,-0.6097343118,4.784145485e-12
0.07996145,-0.609732539,4.49944903e-12
0.0799615,-0.6097300922,4.276220496e-12
0.07996155,-0.6097276455,4.052991961e-12
0.0799616,-0.6097251987,3.829763426e-12
0.07996165,-0.6097238955,3.668160793e-12
0.0799617,-0.6097231511,3.536679563e-12
0.07996175,-0.6097224067,3.405198334e-12
0.0799618,-0.6097216623,3.273717105e-12
0.07996185,-0.6097200086,3.177104268e-12
0.0799619,-0.6097179105,3.097534347e-12
0.07996195,-0.6097158123,3.017964425e-12
0.079962,-0.6097137142,2.938394503e-12
0.07996205,-0.6097123604,2.881625579e-12
0.0799621,-0.6097113704,2.836001288e-12
0.07996215,-0.6097103804,2.790376997e-12
0.0799622,-0.6097093904,2.744752706e-12
0.07996225,-0.6097078032,2.71589287e-12
0.0799623,-0.6097059241,2.695227136e-12
0.07996235,-0.6097040451,2.674561402e-12
0.0799624,-0.609702166,2.653895668e-12
0.07996245,-0.6097007722,2.647709094e-12
0.0799625,-0.6096996156,2.64859962e-12
0.07996255,-0.609698459,2.649490146e-12
0.0799626,-0.6096973024,2.650380671e-12
0.07996265,-0.609695753,2.665746078e-12
0.0799627,-0.6096940115,2.688186492e-12
0.07996275,-0.60969227,2.710626906e-12
0.0799628,-0.6096905285,2.73306732e-12
0.07996285,-0.6096891024,2.772637238e-12
0.0799629,-0.6096878306,2.820579685e-12
0.07996295,-0.6096865588,2.868522133e-12
0.079963,-0.6096852869,2.916464581e-12
0.07996305,-0.6096837542,2.987677654e-12
0.0799631,-0.6096820941,3.070264906e-12
0.07996315,-0.6096804339,3.152852157e-12
0.0799632,-0.6096787738,3.235439408e-12
0.07996325,-0.6096773152,3.354211501e-12
0.0799633,-0.6096759552,3.490669959e-12
0.07996335,-0.6096745951,3.627128418e-12
0.0799634,-0.6096732351,3.763586877e-12
0.07996345,-0.6096716948,3.964071102e-12
0.0799635,-0.6096700665,4.195849733e-12
0.07996355,-0.6096684381,4.427628364e-12
0.0799636,-0.6096668097,4.659406996e-12
0.07996365,-0.609665296,5.023908275e-12
0.0799637,-0.6096638384,5.453281506e-12
0.07996375,-0.6096623807,5.882654738e-12
0.0799638,-0.609660923,6.312027969e-12
0.07996385,-0.6096593043,7.089456121e-12
0.0799639,-0.6096576067,8.037005973e-12
0.07996395,-0.6096559091,8.984555825e-12
0.079964,-0.6096542116,9.932105677e-12
0.07996405,-0.6096524389,1.234026056e-11
0.0799641,-0.6096506294,1.546232752e-11
0.07996415,-0.60964882,1.858439448e-11
0.0799642,-0.6096470105,2.170646143e-11
0.07996425,-0.6096442942,3.163368571e-11
0.0799643,-0.6096411347,4.488712336e-11
0.07996435,-0.6096356203,9.705948661e-11
0.0799644,-0.6096264445,3.121024244e-10
0.07996445,-0.6096032429,2.488841277e-09
0.0799645,-0.6095368709,1.611554334e-08
0.07996455,-0.6087803762,2.105791554e-07
0.0799646,-0.6013101986,2.010231428e-06
0.07996465,-0.580191391,6.63000182e-06
0.0799647,-0.5474581678,1.36061902e-05
0.07996475,-0.5041672049,2.207939385e-05
0.0799648,-0.4559215861,3.125513383e-05
0.07996485,-0.4041021463,4.12876952e-05
0.0799649,-0.3515659659,5.14920947e-05
0.07996495,-0.2984406741,6.166858851e-05
0.079965,-0.2446394906,7.181306593e-05
0.07996505,-0.190838307,8.195754335e-05
0.0799651,-0.1391083401,9.185814125e-05
0.07996515,-0.0875300077,0.0001017408847
0.0799652,-0.03595167529,0.000111623628
0.07996525,0.01562665712,0.0001215063714
0.0799653,0.06290517245,0.0001304153328
0.07996535,0.1098688967,0.0001392530031
0.0799654,0.1568326209,0.0001480906735
0.07996545,0.2037963452,0.0001569283439
0.0799655,0.2449174421,0.0001647723639
0.07996555,0.2856107983,0.0001725436384
0.0799656,0.3263041544,0.000180314913
0.07996565,0.3669975106,0.0001880861875
0.0799657,0.401632496,0.0001945991013
0.07996575,0.435823946,0.0002010198901
0.0799658,0.470015396,0.0002074406789
0.07996585,0.5042068459,0.0002138614677
0.0799659,0.5322741632,0.0002192037375
0.07996595,0.5598931307,0.0002244670485
0.079966,0.5875120981,0.0002297303595
0.07996605,0.6151310655,0.0002349936705
0.0799661,0.6373402059,0.0002391203839
0.07996615,0.6591532909,0.0002431638866
0.0799662,0.6809663759,0.0002472073893
0.07996625,0.702779461,0.000251250892
0.0799663,0.7197052441,0.0002544805464
0.07996635,0.7362732262,0.0002576506187
0.0799664,0.7528412083,0.000260820691
0.07996645,0.7694091904,0.0002639907633
0.0799665,0.7820742134,0.0002663185217
0.07996655,0.7944534995,0.0002685846141
0.0799666,0.8068327855,0.0002708507064
0.07996665,0.8192120716,0.0002731167988
0.0799667,0.8282016198,0.0002748435871
0.07996675,0.8369430041,0.0002765308928
0.0799668,0.8456843884,0.0002782181985
0.07996685,0.8544257727,0.0002799055043
0.0799669,0.860615534,0.0002810161409
0.07996695,0.8666184901,0.0002820845594
0.079967,0.8726214462,0.0002831529779
0.07996705,0.8786244022,0.0002842213965
0.0799671,0.8823309509,0.0002849506308
0.07996715,0.8858693788,0.0002856550333
0.0799672,0.8894078068,0.0002863594358
0.07996725,0.8929462347,0.0002870638383
0.0799673,0.894654568,0.0002873290691
0.07996735,0.8962289194,0.000287562148
0.0799674,0.8978032708,0.0002877952269
0.07996745,0.8993776222,0.0002880283058
0.0799675,0.8990796696,0.0002879928383
0.07996755,0.898644645,0.0002879377105
0.0799676,0.8982096204,0.0002878825827
0.07996765,0.8977745957,0.0002878274549
0.0799677,0.8956018422,0.0002873544375
0.07996775,0.893301869,0.0002868508263
0.0799678,0.8910018957,0.0002863472151
0.07996785,0.8887019225,0.0002858436039
0.0799679,0.8843105967,0.0002850197173
0.07996795,0.8797661622,0.0002841723832
0.079968,0.8752217277,0.0002833250492
0.07996805,0.8706772932,0.0002824777151
0.0799681,0.8638442219,0.0002811105478
0.07996815,0.8568435986,0.0002797053233
0.0799682,0.8498429754,0.0002783000989
0.07996825,0.8428423521,0.0002768948744
0.0799683,0.8328857622,0.0002749947708
0.07996835,0.822712765,0.000273058437
0.0799684,0.8125397678,0.0002711221031
0.07996845,0.8023667706,0.0002691857693
0.0799685,0.7887299788,0.0002665085381
0.07996855,0.7748396014,0.0002637770655
0.0799686,0.760949224,0.0002610455929
0.07996865,0.7470588466,0.0002583141203
0.0799687,0.7288072736,0.0002548115752
0.07996875,0.710236416,0.0002512525796
0.0799688,0.6916655584,0.0002476935839
0.07996885,0.6730947008,0.0002441345883
0.0799689,0.6495495031,0.0002395603473
0.07996895,0.6256401322,0.0002349117798
0.079969,0.6017307613,0.0002302632124
0.07996905,0.5778213904,0.0002256146449
0.0799691,0.548117685,0.0002199123189
0.07996915,0.5179897742,0.0002141328469
0.0799692,0.4878618635,0.0002083533748
0.07996925,0.4577339528,0.0002025739028
0.0799693,0.4215824732,0.0001955861894
0.07996935,0.384990006,0.0001885100202
0.0799694,0.3483975388,0.000181433851
0.07996945,0.3118050716,0.0001743576818
0.0799695,0.2691749962,0.0001661647007
0.07996955,0.2261029054,0.0001578899575
0.0799696,0.1830308145,0.0001496152143
0.07996965,0.1399587237,0.0001413404711
0.0799697,0.09171845293,0.0001320536977
0.07996975,0.04309981789,0.0001226928333
0.0799698,-0.005518817151,0.0001133319688
0.07996985,-0.05413745218,0.0001039711044
0.0799699,-0.1062735401,9.401608765e-05
0.07996995,-0.1586671419,8.401757285e-05
0.07997,-0.2110607438,7.401905805e-05
0.07997005,-0.2634543456,6.402054326e-05
0.0799701,-0.3151244722,5.417034531e-05
0.07997015,-0.3667416329,4.43310057e-05
0.0799702,-0.4183587936,3.449166608e-05
0.07997025,-0.4699759543,2.465232647e-05
0.0799703,-0.509587032,1.739756741e-05
0.07997035,-0.5483191402,1.033202638e-05
0.0799704,-0.5870512483,3.26648536e-06
0.07997045,-0.5981004497,1.722679592e-06
0.0799705,-0.6074001678,5.278322372e-07
0.07997055,-0.6104074661,1.505415717e-08
0.0799706,-0.6088175671,5.910577709e-10
0.07997065,-0.6100619391,1.226296783e-10
0.0799707,-0.6096386575,5.597520255e-11
0.07997075,-0.6097834395,3.334140341e-11
0.0799708,-0.6097413792,2.368668771e-11
0.07997085,-0.6097580157,1.799894423e-11
0.0799709,-0.6097497346,1.500475603e-11
0.07997095,-0.6097420397,1.213977267e-11
0.079971,-0.6097439808,1.061162179e-11
0.07997105,-0.609745922,9.083470907e-12
0.0799711,-0.609743357,8.158961656e-12
0.07997115,-0.6097398793,7.356725138e-12
0.0799712,-0.6097364015,6.55448862e-12
0.07997125,-0.609734995,6.01541839e-12
0.0799713,-0.6097346007,5.604969305e-12
0.07997135,-0.6097342064,5.194520219e-12
0.0799714,-0.6097338121,4.784071133e-12
0.07997145,-0.6097320392,4.499381461e-12
0.0799715,-0.6097295925,4.276156043e-12
0.07997155,-0.6097271458,4.052930625e-12
0.0799716,-0.609724699,3.829705206e-12
0.07997165,-0.6097233958,3.668106199e-12
0.0799717,-0.6097226514,3.536626776e-12
0.07997175,-0.609721907,3.405147354e-12
0.0799718,-0.6097211626,3.273667931e-12
0.07997185,-0.6097195089,3.177057212e-12
0.0799719,-0.6097174107,3.09748839e-12
0.07997195,-0.6097153126,3.017919568e-12
0.079972,-0.6097132145,2.938350745e-12
0.07997205,-0.6097118607,2.881583092e-12
0.0799721,-0.6097108707,2.835959389e-12
0.07997215,-0.6097098807,2.790335687e-12
0.0799722,-0.6097088908,2.744711985e-12
0.07997225,-0.6097073036,2.715852882e-12
0.0799723,-0.6097054245,2.69518739e-12
0.07997235,-0.6097035454,2.674521897e-12
0.0799724,-0.6097016663,2.653856405e-12
0.07997245,-0.6097002725,2.647670169e-12
0.0799725,-0.6096991159,2.648560593e-12
0.07997255,-0.6096979593,2.649451018e-12
0.0799726,-0.6096968028,2.650341442e-12
0.07997265,-0.6096952533,2.665706856e-12
0.0799727,-0.6096935118,2.688146846e-12
0.07997275,-0.6096917703,2.710586836e-12
0.0799728,-0.6096900288,2.733026826e-12
0.07997285,-0.6096886028,2.772596413e-12
0.0799729,-0.6096873309,2.820538001e-12
0.07997295,-0.6096860591,2.868479589e-12
0.079973,-0.6096847872,2.916421177e-12
0.07997305,-0.6096832546,2.987633527e-12
0.0799731,-0.6096815944,3.070219339e-12
0.07997315,-0.6096799343,3.152805152e-12
0.0799732,-0.6096782741,3.235390964e-12
0.07997325,-0.6096768156,3.354161772e-12
0.0799733,-0.6096754555,3.490617805e-12
0.07997335,-0.6096740955,3.627073839e-12
0.0799734,-0.6096727354,3.763529872e-12
0.07997345,-0.6096711952,3.964011933e-12
0.0799735,-0.6096695668,4.195786379e-12
0.07997355,-0.6096679384,4.427560826e-12
0.0799736,-0.60966631,4.659335272e-12
0.07997365,-0.6096647964,5.023832665e-12
0.0799737,-0.6096633387,5.453197703e-12
0.07997375,-0.6096618811,5.882562741e-12
0.0799738,-0.6096604234,6.311927779e-12
0.07997385,-0.6096588046,7.089347883e-12
0.0799739,-0.609657107,8.036878076e-12
0.07997395,-0.6096554095,8.98440827e-12
0.079974,-0.6096537119,9.931938463e-12
0.07997405,-0.6096519392,1.23400665e-11
0.0799741,-0.6096501298,1.546205407e-11
0.07997415,-0.6096483204,1.858404164e-11
0.0799742,-0.6096465109,2.170602921e-11
0.07997425,-0.6096437946,3.163316489e-11
0.0799743,-0.6096406351,4.488628105e-11
0.07997435,-0.6096351208,9.705721056e-11
0.0799744,-0.6096259451,3.12088744e-10
0.07997445,-0.6096027442,2.488638728e-09
0.0799745,-0.6095363728,1.611518322e-08
0.07997455,-0.6087798961,2.10574149e-07
0.0799746,-0.601309872,2.010189995e-06
0.07997465,-0.5801914532,6.629882431e-06
0.0799747,-0.5474583101,1.360605784e-05
0.07997475,-0.5041675318,2.207923413e-05
0.0799748,-0.4559219583,3.12549667e-05
0.07997485,-0.4041025559,4.128752002e-05
0.0799749,-0.3515663909,5.149191626e-05
0.07997495,-0.2984411205,6.166840828e-05
0.079975,-0.2446399423,7.181288449e-05
0.07997505,-0.1908387641,8.19573607e-05
0.0799751,-0.1391087925,9.185795984e-05
0.07997515,-0.08753045074,0.0001017407051
0.0799752,-0.03595210901,0.0001116234504
0.07997525,0.01562623272,0.0001215061956
0.0799753,0.06290475341,0.0001304151577
0.07997535,0.1098684907,0.0001392528306
0.0799754,0.1568322281,0.0001480905034
0.07997545,0.2037959654,0.0001569281763
0.0799755,0.2449170695,0.000164772198
0.07997555,0.2856104433,0.000172543476
0.0799756,0.3263038171,0.000180314754
0.07997565,0.366997191,0.000188086032
0.0799757,0.4016321825,0.0001945989468
0.07997575,0.4358236491,0.0002010197387
0.0799758,0.4700151158,0.0002074405306
0.07997585,0.5042065824,0.0002138613225
0.0799759,0.5322739054,0.0002192035936
0.07997595,0.5598928893,0.0002244669078
0.079976,0.5875118731,0.000229730222
0.07997605,0.6151308569,0.0002349935363
0.0799761,0.6373400025,0.0002391202503
0.07997615,0.6591531021,0.0002431637557
0.0799762,0.6809662017,0.000247207261
0.07997625,0.7027793013,0.0002512507663
0.0799763,0.7197050893,0.0002544804219
0.07997635,0.7362730847,0.0002576504969
0.0799764,0.7528410801,0.0002608205719
0.07997645,0.7694090755,0.0002639906468
0.0799765,0.7820741015,0.0002663184055
0.07997655,0.7944533971,0.0002685844994
0.0799766,0.8068326927,0.0002708505934
0.07997665,0.8192119883,0.0002731166874
0.0799767,0.8282015388,0.0002748434765
0.07997675,0.8369429311,0.0002765307839
0.0799768,0.8456843234,0.0002782180913
0.07997685,0.8544257158,0.0002799053987
0.0799769,0.8606154783,0.0002810160352
0.07997695,0.86661844,0.0002820844546
0.079977,0.8726214016,0.0002831528739
0.07997705,0.8786243632,0.0002842212933
0.0799771,0.8823309124,0.000284950528
0.07997715,0.8858693447,0.0002856549316
0.0799772,0.8894077769,0.0002863593351
0.07997725,0.8929462092,0.0002870637386
0.0799773,0.8946545411,0.0002873289688
0.07997735,0.8962288941,0.0002875620477
0.0799774,0.8978032471,0.0002877951267
0.07997745,0.8993776002,0.0002880282056
0.0799775,0.8990796453,0.0002879927381
0.07997755,0.8986446217,0.0002879376107
0.0799776,0.898209598,0.0002878824833
0.07997765,0.8977745744,0.000287827356
0.0799777,0.8956018165,0.0002873543374
0.07997775,0.8933018417,0.0002868507256
0.0799778,0.891001867,0.0002863471138
0.07997785,0.8887018922,0.000285843502
0.0799779,0.8843105604,0.0002850196146
0.07997795,0.8797661236,0.0002841722804
0.079978,0.8752216867,0.0002833249461
0.07997805,0.8706772498,0.0002824776119
0.0799781,0.8638441702,0.0002811104426
0.07997815,0.8568435425,0.000279705217
0.0799782,0.8498429147,0.0002782999913
0.07997825,0.842842287,0.0002768947657
0.0799783,0.8328856863,0.0002749946604
0.07997835,0.8227126832,0.0002730583257
0.0799784,0.8125396802,0.0002711219911
0.07997845,0.8023666771,0.0002691856564
0.0799785,0.7887298717,0.0002665084222
0.07997855,0.7748394866,0.0002637769478
0.0799786,0.7609491015,0.0002610454734
0.07997865,0.7470587164,0.000258313999
0.0799787,0.7288071269,0.0002548114511
0.07997875,0.7102362602,0.000251252454
0.0799788,0.6916653935,0.000247693457
0.07997885,0.6730945268,0.0002441344599
0.0799789,0.6495493098,0.0002395602148
0.07997895,0.6256399282,0.000234911645
0.079979,0.6017305466,0.0002302630751
0.07997905,0.577821165,0.0002256145053
0.0799791,0.5481174379,0.0002199121755
0.07997915,0.5179895156,0.0002141327016
0.0799792,0.4878615933,0.0002083532277
0.07997925,0.4577336709,0.0002025737538
0.0799793,0.4215821694,0.0001955860358
0.07997935,0.3849896907,0.0001885098641
0.0799794,0.3483972121,0.0001814336924
0.07997945,0.3118047334,0.0001743575207
0.0799795,0.2691746363,0.0001661645359
0.07997955,0.2261025344,0.0001578897908
0.0799796,0.1830304324,0.0001496150458
0.07997965,0.1399583304,0.0001413403007
0.0799797,0.09171804262,0.0001320535238
0.07997975,0.04309939979,0.0001226926576
0.0799798,-0.005519243046,0.0001133317914
0.07997985,-0.05413788588,0.0001039709252
0.0799799,-0.1062739813,9.401590757e-05
0.07997995,-0.1586675842,8.401739298e-05
0.07998,-0.211061187,7.401887839e-05
0.07998005,-0.2634547898,6.40203638e-05
0.0799801,-0.3151248932,5.417017047e-05
0.07998015,-0.3667420302,4.433083551e-05
0.0799802,-0.4183591672,3.449150056e-05
0.07998025,-0.4699763042,2.46521656e-05
0.0799803,-0.5095872927,1.739742626e-05
0.07998035,-0.5483193291,1.033190126e-05
0.0799804,-0.5870513656,3.266376251e-06
0.07998045,-0.5981001372,1.722653733e-06
0.0799805,-0.6073998028,5.278141168e-07
0.07998055,-0.6104069472,1.505374553e-08
0.0799806,-0.6088170487,5.908623482e-10
0.07998065,-0.6100614334,1.22627057e-10
0.0799807,-0.6096381524,5.597351264e-11
0.07998075,-0.6097829389,3.334079057e-11
0.0799808,-0.6097408798,2.368627829e-11
0.07998085,-0.6097575163,1.799861116e-11
0.0799809,-0.6097492349,1.50045019e-11
0.07998095,-0.6097415401,1.213958225e-11
0.079981,-0.6097434812,1.061145207e-11
0.07998105,-0.6097454223,9.0833219e-12
0.0799811,-0.6097428573,8.158833788e-12
0.07998115,-0.6097393796,7.35660833e-12
0.0799812,-0.6097359018,6.554382871e-12
0.07998125,-0.6097344953,6.015327645e-12
0.0799813,-0.609734101,5.604883896e-12
0.07998135,-0.6097337068,5.194440146e-12
0.0799814,-0.6097333125,4.783996397e-12
0.07998145,-0.6097315395,4.499314192e-12
0.0799815,-0.6097290928,4.276091741e-12
0.07998155,-0.6097266461,4.052869291e-12
0.0799816,-0.6097241994,3.82964684e-12
0.07998165,-0.6097228961,3.668051788e-12
0.0799817,-0.6097221517,3.536574088e-12
0.07998175,-0.6097214073,3.405096388e-12
0.0799818,-0.6097206629,3.273618688e-12
0.07998185,-0.6097190092,3.177010268e-12
0.0799819,-0.6097169111,3.09744249e-12
0.07998195,-0.609714813,3.017874713e-12
0.079982,-0.6097127148,2.938306935e-12
0.07998205,-0.6097113611,2.881540674e-12
0.0799821,-0.6097103711,2.83591753e-12
0.07998215,-0.6097093811,2.790294386e-12
0.0799822,-0.6097083911,2.744671242e-12
0.07998225,-0.6097068039,2.715812964e-12
0.0799823,-0.6097049248,2.695147688e-12
0.07998235,-0.6097030457,2.674482411e-12
0.0799824,-0.6097011666,2.653817135e-12
0.07998245,-0.6096997729,2.647631314e-12
0.0799825,-0.6096986163,2.648521613e-12
0.07998255,-0.6096974597,2.649411913e-12
0.0799826,-0.6096963031,2.650302212e-12
0.07998265,-0.6096947536,2.66566771e-12
0.0799827,-0.6096930121,2.688107248e-12
0.07998275,-0.6096912707,2.710546785e-12
0.0799828,-0.6096895292,2.732986323e-12
0.07998285,-0.6096881031,2.772555666e-12
0.0799829,-0.6096868313,2.820496356e-12
0.07998295,-0.6096855595,2.868437046e-12
0.079983,-0.6096842876,2.916377737e-12
0.07998305,-0.6096827549,2.987589484e-12
0.0799831,-0.6096810948,3.070173814e-12
0.07998315,-0.6096794346,3.152758144e-12
0.0799832,-0.6096777745,3.235342473e-12
0.07998325,-0.6096763159,3.354112185e-12
0.0799833,-0.6096749559,3.490565718e-12
0.07998335,-0.6096735959,3.627019251e-12
0.0799834,-0.6096722358,3.763472784e-12
0.07998345,-0.6096706955,3.963953001e-12
0.0799835,-0.6096690672,4.195723105e-12
0.07998355,-0.6096674388,4.427493209e-12
0.0799836,-0.6096658104,4.659263312e-12
0.07998365,-0.6096642967,5.023757476e-12
0.0799837,-0.6096628391,5.453113983e-12
0.07998375,-0.6096613814,5.882470489e-12
0.0799838,-0.6096599238,6.311826995e-12
0.07998385,-0.609658305,7.089240697e-12
0.0799839,-0.6096566074,8.036750195e-12
0.07998395,-0.6096549099,8.984259693e-12
0.079984,-0.6096532123,9.931769191e-12
0.07998405,-0.6096514396,1.233987642e-11
0.0799841,-0.6096496302,1.546177879e-11
0.07998415,-0.6096478208,1.858368115e-11
0.0799842,-0.6096460113,2.170558352e-11
0.07998425,-0.609643295,3.163266037e-11
0.0799843,-0.6096401355,4.488543076e-11
0.07998435,-0.6096346213,9.705495647e-11
0.0799844,-0.6096254458,3.120752492e-10
0.07998445,-0.6096022455,2.488438123e-09
0.0799845,-0.6095358748,1.611483455e-08
0.07998455,-0.6087794149,2.105694422e-07
0.0799846,-0.6013095337,2.010151161e-06
0.07998465,-0.5801915205,6.629761762e-06
0.0799847,-0.5474584225,1.360592981e-05
0.07998475,-0.5041678699,2.207907332e-05
0.0799848,-0.455922324,3.125480128e-05
0.07998485,-0.404102975,4.128734237e-05
0.0799849,-0.3515668167,5.149173727e-05
0.07998495,-0.298441569,6.166822867e-05
0.079985,-0.2446403964,7.18127034e-05
0.07998505,-0.1908392238,8.195717813e-05
0.0799851,-0.1391092356,9.185777941e-05
0.07998515,-0.08753089312,0.000101740525
0.0799852,-0.03595255067,0.0001116232706
0.07998525,0.01562579178,0.0001215060162
0.0799853,0.06290434703,0.0001304149859
0.07998535,0.1098680849,0.0001392526587
0.0799854,0.1568318229,0.0001480903315
0.07998545,0.2037955608,0.0001569280043
0.0799855,0.244916714,0.0001647720346
0.07998555,0.2856100909,0.0001725433134
0.0799856,0.3263034678,0.0001803145923
0.07998565,0.3669968447,0.0001880858711
0.0799857,0.4016318857,0.0001945987959
0.07998575,0.4358233538,0.0002010195879
0.0799858,0.4700148218,0.0002074403798
0.07998585,0.5042062899,0.0002138611717
0.0799859,0.5322736644,0.0002192034522
0.07998595,0.5598926514,0.0002244667673
0.079986,0.5875116384,0.0002297300824
0.07998605,0.6151306254,0.0002349933975
0.0799861,0.6373398156,0.0002391201206
0.07998615,0.659152917,0.000243163626
0.0799862,0.6809660184,0.0002472071313
0.07998625,0.7027791198,0.0002512506366
0.0799863,0.7197049483,0.0002544802994
0.07998635,0.7362729456,0.000257650375
0.0799864,0.7528409428,0.0002608204506
0.07998645,0.76940894,0.0002639905263
0.0799865,0.7820739982,0.0002663182915
0.07998655,0.7944532951,0.0002685843854
0.0799866,0.8068325919,0.0002708504792
0.07998665,0.8192118888,0.0002731165731
0.0799867,0.8282014672,0.000274843367
0.07998675,0.8369428608,0.000276530675
0.0799868,0.8456842544,0.000278217983
0.07998685,0.854425648,0.000279905291
0.0799869,0.8606154305,0.0002810159317
0.07998695,0.8666183919,0.0002820843506
0.079987,0.8726213532,0.0002831527695
0.07998705,0.8786243145,0.0002842211884
0.0799871,0.8823308808,0.0002849504259
0.07998715,0.8858693119,0.0002856548296
0.0799872,0.8894077431,0.0002863592333
0.07998725,0.8929461742,0.0002870636371
0.0799873,0.8946545184,0.0002873288699
0.07998735,0.8962288691,0.000287561948
0.0799874,0.8978032199,0.0002877950261
0.07998745,0.8993775706,0.0002880281042
0.0799875,0.8990796268,0.0002879926384
0.07998755,0.8986445994,0.0002879375107
0.0799876,0.8982095719,0.000287882383
0.07998765,0.8977745444,0.0002878272552
0.0799877,0.8956017946,0.0002873542385
0.07998775,0.8933018141,0.0002868506252
0.0799878,0.8910018335,0.0002863470119
0.07998785,0.888701853,0.0002858433986
0.0799879,0.8843105299,0.0002850195126
0.07998795,0.8797660851,0.0002841721772
0.079988,0.8752216403,0.0002833248418
0.07998805,0.8706771955,0.0002824775064
0.0799881,0.8638441237,0.0002811103389
0.07998815,0.8568434856,0.0002797051108
0.0799882,0.8498428474,0.0002782998828
0.07998825,0.8428422093,0.0002768946547
0.0799883,0.8328856186,0.0002749945511
0.07998835,0.822712602,0.0002730582142
0.0799884,0.8125395855,0.0002711218774
0.07998845,0.8023665689,0.0002691855405
0.0799885,0.7887297739,0.0002665083085
0.07998855,0.7748393715,0.0002637768303
0.0799886,0.7609489691,0.0002610453522
0.07998865,0.7470585668,0.0002583138741
0.0799887,0.7288069914,0.0002548113287
0.07998875,0.7102361042,0.0002512523281
0.0799888,0.691665217,0.0002476933275
0.07998885,0.6730943299,0.0002441343269
0.0799889,0.649549129,0.0002395600851
0.07998895,0.625639724,0.0002349115104
0.079989,0.601730319,0.0002302629357
0.07998905,0.577820914,0.000225614361
0.0799891,0.5481172066,0.0002199120349
0.07998915,0.5179892579,0.0002141325563
0.0799892,0.4878613093,0.0002083530777
0.07998925,0.4577333607,0.0002025735991
0.0799893,0.4215818806,0.0001955858854
0.07998935,0.3849893758,0.0001885097084
0.0799894,0.3483968711,0.0001814335314
0.07998945,0.3118043663,0.0001743573544
0.0799895,0.2691742925,0.000166164374
0.07998955,0.2261021663,0.0001578896247
0.0799896,0.18303004,0.0001496148753
0.07998965,0.1399579138,0.000141340126
0.0799897,0.09171764767,0.0001320533532
0.07998975,0.04309898604,0.0001226924831
0.0799898,-0.00551967558,0.000113331613
0.07998985,-0.0541383372,0.000103970743
0.0799899,-0.106274412,9.401572912e-05
0.07998995,-0.1586680212,8.401721385e-05
0.07999,-0.2110616304,7.401869858e-05
0.07999005,-0.2634552395,6.402018331e-05
0.0799901,-0.3151253169,5.416999522e-05
0.07999015,-0.3667424195,4.433066718e-05
0.0799902,-0.4183595221,3.449133915e-05
0.07999025,-0.4699766246,2.465201112e-05
0.0799903,-0.509587598,1.739727571e-05
0.07999035,-0.5483195189,1.033177634e-05
0.0799904,-0.5870514399,3.266276961e-06
0.07999045,-0.5980998372,1.722625069e-06
0.0799905,-0.6073994136,5.277988017e-07
0.07999055,-0.6104064355,1.50532106e-08
0.0799906,-0.6088165329,5.906797642e-10
0.07999065,-0.6100609273,1.226243842e-10
0.0799907,-0.6096376476,5.597181543e-11
0.07999075,-0.6097824382,3.334018005e-11
0.0799908,-0.6097403805,2.368586832e-11
0.07999085,-0.6097570169,1.799827657e-11
0.0799909,-0.6097487351,1.500425073e-11
0.07999095,-0.6097410405,1.21393898e-11
0.079991,-0.6097429816,1.061128006e-11
0.07999105,-0.6097449227,9.083170313e-12
0.0799911,-0.6097423576,8.158707729e-12
0.07999115,-0.6097388799,7.356492949e-12
0.0799912,-0.6097354022,6.55427817e-12
0.07999125,-0.6097339957,6.015236529e-12
0.0799913,-0.6097336014,5.60479838e-12
0.07999135,-0.6097332071,5.194360231e-12
0.0799914,-0.6097328128,4.783922082e-12
0.07999145,-0.6097310399,4.499246799e-12
0.0799915,-0.6097285932,4.276027422e-12
0.07999155,-0.6097261464,4.052808044e-12
0.0799916,-0.6097236997,3.829588667e-12
0.07999165,-0.6097223965,3.667997306e-12
0.0799917,-0.6097216521,3.536521396e-12
0.07999175,-0.6097209077,3.405045487e-12
0.0799918,-0.6097201633,3.273569578e-12
0.07999185,-0.6097185095,3.17696331e-12
0.0799919,-0.6097164114,3.097396614e-12
0.07999195,-0.6097143133,3.017829918e-12
0.079992,-0.6097122152,2.938263222e-12
0.07999205,-0.6097108615,2.881498256e-12
0.0799921,-0.6097098715,2.835875697e-12
0.07999215,-0.6097088815,2.790253138e-12
0.0799922,-0.6097078915,2.744630579e-12
0.07999225,-0.6097063043,2.715773053e-12
0.0799923,-0.6097044252,2.695108011e-12
0.07999235,-0.6097025461,2.67444297e-12
0.0799924,-0.609700667,2.653777928e-12
0.07999245,-0.6096992733,2.647592462e-12
0.0799925,-0.6096981167,2.648482657e-12
0.07999255,-0.6096969601,2.649372852e-12
0.0799926,-0.6096958035,2.650263047e-12
0.07999265,-0.609694254,2.665628568e-12
0.0799927,-0.6096925125,2.688067674e-12
0.07999275,-0.609690771,2.71050678e-12
0.0799928,-0.6096890296,2.732945886e-12
0.07999285,-0.6096876036,2.772514916e-12
0.0799929,-0.6096863317,2.820454741e-12
0.07999295,-0.6096850599,2.868394565e-12
0.079993,-0.609683788,2.91633439e-12
0.07999305,-0.6096822553,2.987545443e-12
0.0799931,-0.6096805952,3.070128331e-12
0.07999315,-0.609678935,3.152711219e-12
0.0799932,-0.6096772749,3.235294106e-12
0.07999325,-0.6096758164,3.354062579e-12
0.0799933,-0.6096744563,3.490513678e-12
0.07999335,-0.6096730963,3.626964778e-12
0.0799934,-0.6096717362,3.763415878e-12
0.07999345,-0.609670196,3.963893998e-12
0.0799935,-0.6096685676,4.19565988e-12
0.07999355,-0.6096669392,4.427425762e-12
0.0799936,-0.6096653109,4.659191644e-12
0.07999365,-0.6096637972,5.023682067e-12
0.0799937,-0.6096623395,5.453030324e-12
0.07999375,-0.6096608819,5.882378581e-12
0.0799938,-0.6096594242,6.311726838e-12
0.07999385,-0.6096578054,7.089132862e-12
0.0799939,-0.6096561079,8.036622523e-12
0.07999395,-0.6096544103,8.984112184e-12
0.079994,-0.6096527128,9.931601845e-12
0.07999405,-0.6096509401,1.233968349e-11
0.0799941,-0.6096491306,1.546150528e-11
0.07999415,-0.6096473212,1.858332706e-11
0.0799942,-0.6096455118,2.170514884e-11
0.07999425,-0.6096427955,3.163214296e-11
0.0799943,-0.609639636,4.488458639e-11
0.07999435,-0.6096341218,9.705270451e-11
0.0799944,-0.6096249465,3.120618119e-10
0.07999445,-0.6096017469,2.488236756e-09
0.0799945,-0.6095353768,1.611449031e-08
0.07999455,-0.6087789339,2.105646895e-07
0.0799946,-0.6013092027,2.010110654e-06
0.07999465,-0.5801915914,6.629640511e-06
0.0799947,-0.5474585499,1.36057999e-05
0.07999475,-0.5041682011,2.207891351e-05
0.0799948,-0.4559226895,3.125463545e-05
0.07999485,-0.4041033884,4.128716604e-05
0.0799949,-0.3515672458,5.149155791e-05
0.07999495,-0.2984420188,6.166804817e-05
0.079995,-0.2446408466,7.181252274e-05
0.07999505,-0.1908396745,8.195699731e-05
0.0799951,-0.1391096794,9.185759953e-05
0.07999515,-0.08753133321,0.0001017403457
0.0799952,-0.03595298704,0.0001116230919
0.07999525,0.01562535914,0.0001215058381
0.0799953,0.0629039307,0.0001304148114
0.07999535,0.1098676784,0.0001392524863
0.0799954,0.156831426,0.0001480901612
0.07999545,0.2037951737,0.000156927836
0.0799955,0.2449163477,0.00016477187
0.07999555,0.2856097362,0.0001725431508
0.0799956,0.3263031246,0.0001803144316
0.07999565,0.3669965131,0.0001880857125
0.0799957,0.4016315761,0.0001945986419
0.07999575,0.4358230564,0.0002010194364
0.0799958,0.4700145367,0.0002074402309
0.07999585,0.504206017,0.0002138610255
0.0799959,0.5322734132,0.0002192033097
0.07999595,0.5598924119,0.0002244666268
0.079996,0.5875114106,0.0002297299439
0.07999605,0.6151304093,0.000234993261
0.0799961,0.6373396185,0.0002391199881
0.07999615,0.6591527299,0.0002431634955
0.0799962,0.6809658414,0.000247207003
0.07999625,0.7027789529,0.0002512505104
0.0799963,0.7197047987,0.0002544801761
0.07999635,0.7362728054,0.0002576502533
0.0799964,0.7528408121,0.0002608203305
0.07999645,0.7694088188,0.0002639904078
0.0799965,0.7820738901,0.0002663181758
0.07999655,0.7944531936,0.0002685842711
0.0799966,0.8068324971,0.0002708503664
0.07999665,0.8192118007,0.0002731164616
0.0799967,0.8282013903,0.0002748432573
0.07999675,0.8369427896,0.0002765305662
0.0799968,0.8456841889,0.0002782178751
0.07999685,0.8544255881,0.000279905184
0.0799969,0.8606153783,0.0002810158265
0.07999695,0.8666183431,0.0002820842462
0.079997,0.8726213078,0.0002831526658
0.07999705,0.8786242726,0.0002842210855
0.0799971,0.882330845,0.000284950324
0.07999715,0.8858692786,0.000285654728
0.0799972,0.8894077122,0.000286359132
0.07999725,0.8929461458,0.000287063536
0.0799973,0.8946544933,0.0002873287698
0.07999735,0.8962288444,0.000287561848
0.0799974,0.8978031954,0.0002877949263
0.07999745,0.8993775465,0.0002880280046
0.0799975,0.899079605,0.000287992539
0.07999755,0.8986445768,0.000287937411
0.0799976,0.8982095485,0.0002878822829
0.07999765,0.8977745203,0.0002878271549
0.0799977,0.8956017704,0.0002873541384
0.07999775,0.8933017869,0.0002868505246
0.0799978,0.8910018034,0.0002863469108
0.07999785,0.8887018198,0.000285843297
0.0799979,0.884310496,0.0002850194107
0.07999795,0.8797660469,0.0002841720743
0.079998,0.8752215979,0.000283324738
0.07999805,0.8706771488,0.0002824774017
0.0799981,0.8638440742,0.0002811102338
0.07999815,0.8568434295,0.0002797050046
0.0799982,0.8498427848,0.0002782997753
0.07999825,0.84284214,0.0002768945461
0.0799983,0.8328855458,0.0002749944416
0.07999835,0.8227125209,0.0002730581031
0.0799984,0.812539496,0.0002711217645
0.07999845,0.802366471,0.0002691854259
0.0799985,0.7887296705,0.000266508193
0.07999855,0.7748392569,0.0002637767128
0.0799986,0.7609488433,0.0002610452326
0.07999865,0.7470584297,0.0002583137523
0.0799987,0.7288068487,0.0002548112057
0.07999875,0.7102359486,0.0002512522025
0.0799988,0.6916650486,0.0002476931994
0.07999885,0.6730941486,0.0002441341963
0.0799989,0.6495489405,0.0002395599532
0.07999895,0.6256395201,0.0002349113756
0.079999,0.6017300996,0.000230262798
0.07999905,0.5778206792,0.0002256142204
0.0799991,0.548116965,0.0002199118929
0.07999915,0.5179890002,0.0002141324111
0.0799992,0.4878610354,0.0002083529294
0.07999925,0.4577330706,0.0002025734477
0.0799993,0.4215815833,0.0001955857328
0.07999935,0.3849890616,0.0001885095526
0.0799994,0.3483965398,0.0001814333724
0.07999945,0.3118040181,0.0001743571922
0.0799995,0.2691739383,0.0001661642106
0.07999955,0.2261017964,0.0001578894582
0.0799996,0.1830296545,0.0001496147058
0.07999965,0.1399575126,0.0001413399535
0.0799997,0.09171724351,0.0001320531802
0.07999975,0.04309857085,0.0001226923081
0.0799998,-0.005520101794,0.0001133314361
0.07999985,-0.05413877445,0.000103970564
0.0799999,-0.1060489301,9.406597504e-05
0.07999995,-0.1582000839,8.412157586e-05
0.08,-0.2103512376,7.417717669e-05
