frequency_hz,vout_real_v,vout_imag_v
1,-0.6744860957,-0.2541260929
1.011579454,-0.7152266639,-0.2587028343
1.023292992,-0.7582498178,-0.2628432019
1.035142167,-0.8036678386,-0.2664779194
1.047128548,-0.8515971564,-0.2695313752
1.059253725,-0.9021583766,-0.2719211757
1.071519305,-0.9554762922,-0.2735576771
1.083926914,-1.01167988,-0.2743434916
1.096478196,-1.070902278,-0.2741729688
1.109174815,-1.133280744,-0.2729316532
1.122018454,-1.198956595,-0.2704957143
1.135010816,-1.268075116,-0.266731352
1.148153621,-1.340785446,-0.2614941745
1.161448614,-1.41724044,-0.2546285507
1.174897555,-1.49759649,-0.2459669356
1.188502227,-1.58201332,-0.2353291685
1.202264435,-1.670653739,-0.2225217466
1.216186001,-1.763683355,-0.2073370706
1.230268771,-1.86127025,-0.1895526665
1.244514612,-1.963584599,-0.1689303822
1.258925412,-2.070798252,-0.14521556
1.273503081,-2.183084249,-0.1181361872
1.288249552,-2.300616291,-0.08740202508
1.303166778,-2.423568137,-0.05270371875
1.318256739,-2.552112949,-0.01371188916
1.333521432,-2.68642256,0.02992378991
1.348962883,-2.826666675,0.07857552755
1.364583137,-2.973011986,0.1326383612
1.380384265,-3.125621224,0.1925311088
1.396368361,-3.284652106,0.258697323
1.412537545,-3.450256207,0.331606245
1.428893959,-3.622577738,0.411753752
1.445439771,-3.801752219,0.4996632941
1.462177174,-3.987905063,0.5958868148
1.479108388,-4.181150046,0.70100565
1.496235656,-4.381587678,0.8156313982
1.513561248,-4.589303453,0.9404067558
1.531087462,-4.804365996,1.07600631
1.548816619,-5.026825086,1.223137279
1.56675107,-5.256709558,1.3825402
1.584893192,-5.494025092,1.55498954
1.603245391,-5.738751874,1.741294237
1.621810097,-5.990842129,1.94229815
1.640589773,-6.250217539,2.158880417
1.659586907,-6.51676653,2.391955695
1.678804018,-6.790341434,2.642474291
1.698243652,-7.070755536,2.911422154
1.717908387,-7.357779997,3.199820728
1.737800829,-7.651140657,3.508726643
1.757923614,-7.950514732,3.839231246
1.77827941,-8.2555274,4.192459941
1.798870915,-8.565748289,4.569571338
1.819700859,-8.880687863,4.971756191
1.840772001,-9.199793733,5.400236116
1.862087137,-9.522446885,5.856262074
1.883649089,-9.847957846,6.341112596
1.905460718,-10.17556279,6.856091757
1.927524913,-10.50441963,7.402526869
1.9498446,-10.83360402,7.981765884
1.972422736,-11.16210546,8.595174501
1.995262315,-11.48882328,9.24413296
2.018366364,-11.81256276,9.930032515
2.041737945,-12.13203125,10.65427157
2.065380156,-12.44583432,11.4182515
2.089296131,-12.75247212,12.22337207
2.11348904,-13.05033573,13.07102657
2.13796209,-13.33770371,13.96259654
2.162718524,-13.61273888,14.89944615
2.187761624,-13.87348516,15.88291623
2.21309471,-14.11786477,16.91431792
2.238721139,-14.34367558,17.99492597
2.264644308,-14.54858886,19.1259717
2.290867653,-14.73014723,20.30863555
2.31739465,-14.88576304,21.54403942
2.344228815,-15.01271712,22.83323851
2.371373706,-15.10815788,24.17721304
2.398832919,-15.16910096,25.57685952
2.426610095,-15.19242929,27.03298181
2.454708916,-15.17489362,28.54628195
2.483133105,-15.11311368,30.11735075
2.511886432,-15.00357987,31.74665814
2.540972706,-14.84265547,33.43454344
2.570395783,-14.62657962,35.18120539
2.600159563,-14.35147077,36.9866922
2.630267992,-14.01333094,38.85089149
2.66072506,-13.60805059,40.77352019
2.691534804,-13.1314142,42.75411452
2.722701308,-12.5791066,44.79202004
2.754228703,-11.94671999,46.8863818
2.786121169,-11.2297617,49.03613472
2.818382931,-10.42366275,51.23999415
2.851018268,-9.523787024,53.49644672
2.884031503,-8.525441356,55.80374158
2.917427014,-7.423886179,58.15988197
2.951209227,-6.214346999,60.5626173
2.985382619,-4.892026526,63.00943567
3.01995172,-3.452117506,65.49755703
3.054921113,-1.889816196,68.02392692
3.090295433,-0.2003364764,70.58521085
3.126079367,1.621075449,73.17778948
3.16227766,3.579125795,75.79775455
3.19889511,5.678457428,78.44090559
3.235936569,7.923633634,81.10274759
3.273406949,10.31912147,83.77848952
3.311311215,12.86927477,86.46304384
3.349654392,15.57831681,89.15102703
3.388441561,18.45032283,91.83676107
3.427677865,21.48920227,94.5142761
3.467368505,24.69868095,97.17731406
3.50751874,28.08228331,99.81933349
3.548133892,31.64331449,102.4335154
3.589219346,35.38484275,105.0127704
3.630780548,39.30968189,107.5497466
3.672823005,43.42037412,110.0368394
3.715352291,47.71917308,112.4662014
3.758374043,52.20802747,114.829754
3.801893963,56.88856508,117.1192005
3.84591782,61.76207738,119.3260391
3.89045145,66.82950483,121.4415781
3.935500755,72.09142291,123.4569514
3.981071706,77.54802886,125.3631352
4.027170343,83.19912937,127.1509658
4.073802778,89.04412916,128.8111577
4.120975191,95.08202055,130.334323
4.168693835,101.3113741,131.7109915
4.216965034,107.7303302,132.9316313
4.265795188,114.3365923,133.98667
4.315190768,121.1274202,134.8665166
4.365158322,128.0996261,135.5615836
4.415704474,135.2495708,136.06231
4.466835922,142.5731614,136.359184
4.518559444,150.0658504,136.4427662
4.570881896,157.7226361,136.3037129
4.623810214,165.5380648,135.9327998
4.677351413,173.506233,135.3209447
4.73151259,181.6207925,134.4592313
4.786300923,189.8749557,133.338932
4.841723676,198.261503,131.9515308
4.897788194,206.7727903,130.2887455
4.954501908,215.4007595,128.3425496
5.011872336,224.1369485,126.105194
5.069907083,232.9725035,123.5692279
5.12861384,241.8981917,120.7275187
5.188000389,250.904416,117.5732715
5.248074602,259.9812299,114.1000483
5.308844442,269.1183536,110.301785
5.370317964,278.3051913,106.1728092
5.432503315,287.5308495,101.7078556
5.495408739,296.7841552,96.9020812
5.559042573,306.0536762,91.75107927
5.623413252,315.3277408,86.25089221
5.688529308,324.5944591,80.39802326
5.754399373,333.8417443,74.18944722
5.821032178,343.0573344,67.62261984
5.888436554,352.2288151,60.69548616
5.956621435,361.3436419,53.40648761
6.025595861,370.3891631,45.75456791
6.095368972,379.3526433,37.73917783
6.165950019,388.2212861,29.36027862
6.237348355,396.9822581,20.61834443
6.309573445,405.6227112,11.51436336
6.382634862,414.1298068,2.04983751
6.45654229,422.4907383,-7.773218274
6.531305526,430.6927541,-17.95227867
6.60693448,438.72318,-28.48431131
6.683439176,446.5694421,-39.36578131
6.760829754,454.2190879,-50.59265679
6.839116473,461.6598086,-62.16041546
6.918309709,468.8794595,-74.06405219
6.99841996,475.8660808,-86.29808751
7.079457844,482.6079178,-98.856577
7.161434102,489.0934396,-111.7331216
7.244359601,495.3113587,-124.9208788
7.328245331,501.2506484,-138.4125742
7.413102413,506.9005605,-152.2005147
7.498942093,512.2506418,-166.2766013
7.58577575,517.2907503,-180.6323435
7.673614894,522.0110701,-195.2588734
7.762471166,526.4021259,-210.1469614
7.852356346,530.4547964,-225.2870316
7.943282347,534.1603273,-240.6691779
8.035261222,537.5103432,-256.2831805
8.128305162,540.4968584,-272.1185232
8.222426499,543.1122876,-288.1644104
8.317637711,545.349455,-304.4097848
8.413951416,547.2016032,-320.8433449
8.511380382,548.6624003,-337.4535639
8.609937522,549.7259478,-354.2287068
8.7096359,550.3867857,-371.1568499
8.81048873,550.6398982,-388.2258983
8.912509381,550.4807181,-405.4236051
9.015711376,549.9051302,-422.7375894
9.120108394,548.9094743,-440.1553554
9.225714272,547.490547,-457.6643104
9.332543008,545.645603,-475.2517835
9.440608763,543.3723556,-492.9050438
9.54992586,540.6689761,-510.6113183
9.66050879,537.5340931,-528.3578104
9.77237221,533.9667904,-546.1317174
9.885530947,529.9666048,-563.9202479
10,525.5335227,-581.7106395
10.11579454,520.6679762,-599.4901753
10.23292992,515.3708387,-617.2462013
10.35142167,509.64342,-634.9661423
10.47128548,503.48746,-652.637518
10.59253725,496.9051227,-670.2479592
10.71519305,489.8989893,-687.7852224
10.83926914,482.4720504,-705.2372052
10.96478196,474.6276985,-722.5919606
11.09174815,466.3697189,-739.8377113
11.22018454,457.702281,-756.9628629
11.35010816,448.629929,-773.9560174
11.48153621,439.1575715,-790.8059856
11.61448614,429.2904715,-807.5017994
11.74897555,419.0342357,-824.0327233
11.88502227,408.3948031,-840.3882657
12.02264435,397.3784338,-856.5581894
12.16186001,385.9916971,-872.5325216
12.30268771,374.2414596,-888.3015636
12.44514612,362.1348723,-903.8558994
12.58925412,349.6793589,-919.1864044
12.73503081,336.8826019,-934.2842532
12.88249552,323.7525304,-949.1409264
13.03166778,310.2973066,-963.7482181
13.18256739,296.5253123,-978.098241
13.33521432,282.4451355,-992.1834327
13.48962883,268.0655567,-1005.99656
13.64583137,253.3955356,-1019.530725
13.80384265,238.444197,-1032.779364
13.96368361,223.2208169,-1045.736258
14.12537545,207.7348093,-1058.395528
14.28893959,191.9957119,-1070.751644
14.45439771,176.0131728,-1082.79942
14.62177174,159.7969366,-1094.534018
14.79108388,143.3568311,-1105.95095
14.96235656,126.7027536,-1117.046073
15.13561248,109.8446579,-1127.815595
15.31087462,92.79254087,-1138.256066
15.48816619,75.55642987,-1148.364384
15.6675107,58.14636966,-1158.137785
15.84893192,40.57241004,-1167.573848
16.03245391,22.84459356,-1176.670486
16.21810097,4.972943407,-1185.425943
16.40589773,-13.03254827,-1193.838795
16.59586907,-31.16193187,-1201.907938
16.78804018,-49.40531151,-1209.632589
16.98243652,-67.75285583,-1217.012277
17.17908387,-86.19480852,-1224.04684
17.37800829,-104.7214985,-1230.736415
17.57923614,-123.3233496,-1237.081438
17.7827941,-141.9908901,-1243.082631
17.98870915,-160.7147618,-1248.740997
18.19700859,-179.4857285,-1254.057815
18.40772001,-198.2946846,-1259.03463
18.62087137,-217.1326624,-1263.673245
18.83649089,-235.99084,-1267.975716
19.05460718,-254.8605484,-1271.944338
19.27524913,-273.7332775,-1275.581645
19.498446,-292.6006832,-1278.890394
19.72422736,-311.4545922,-1281.87356
19.95262315,-330.2870083,-1284.534325
20.18366364,-349.0901165,-1286.876075
20.41737945,-367.8562883,-1288.902382
20.65380156,-386.578085,-1290.617002
20.89296131,-405.2482623,-1292.023865
21.1348904,-423.8597727,-1293.127063
21.3796209,-442.4057692,-1293.930844
21.62718524,-460.8796072,-1294.439602
21.87761624,-479.274847,-1294.657868
22.1309471,-497.5852554,-1294.590301
22.38721139,-515.8048069,-1294.24168
22.64644308,-533.9276852,-1293.616894
22.90867653,-551.9482834,-1292.720934
23.1739465,-569.8612046,-1291.558887
23.44228815,-587.6612618,-1290.135923
23.71373706,-605.3434774,-1288.457289
23.98832919,-622.903083,-1286.528303
24.26610095,-640.3355183,-1284.354342
24.54708916,-657.6364297,-1281.940839
24.83133105,-674.801669,-1279.293269
25.11886432,-691.8272919,-1276.41715
25.40972706,-708.7095554,-1273.318028
25.70395783,-725.4449166,-1270.001474
26.00159563,-742.0300291,-1266.473079
26.30267992,-758.4617415,-1262.738442
26.6072506,-774.7370939,-1258.803168
26.91534804,-790.8533149,-1254.67286
27.22701308,-806.8078191,-1250.353115
27.54228703,-822.5982028,-1245.849515
27.86121169,-838.2222417,-1241.167627
28.18382931,-853.6778862,-1236.31299
28.51018268,-868.9632585,-1231.291118
28.84031503,-884.0766487,-1226.10749
29.17427014,-899.0165103,-1220.767547
29.51209227,-913.781457,-1215.276688
29.85382619,-928.3702584,-1209.640267
30.1995172,-942.7818357,-1203.863586
30.54921113,-957.0152575,-1197.951894
30.90295433,-971.0697362,-1191.910383
31.26079367,-984.944623,-1185.744185
31.6227766,-998.6394041,-1179.458368
31.9889511,-1012.153697,-1173.057934
32.35936569,-1025.487244,-1166.547816
32.73406949,-1038.63991,-1159.932876
33.11311215,-1051.611681,-1153.217904
33.49654392,-1064.402651,-1146.407613
33.88441561,-1077.013027,-1139.506639
34.27677865,-1089.443122,-1132.51954
34.67368505,-1101.693346,-1125.450794
35.0751874,-1113.764211,-1118.304796
35.48133892,-1125.656318,-1111.085859
35.89219346,-1137.370359,-1103.798213
36.30780548,-1148.90711,-1096.446003
36.72823005,-1160.267429,-1089.033288
37.15352291,-1171.452249,-1081.564043
37.58374043,-1182.46258,-1074.042155
38.01893963,-1193.2995,-1066.471425
38.4591782,-1203.964151,-1058.855567
38.9045145,-1214.457741,-1051.19821
39.35500755,-1224.781536,-1043.502895
39.81071706,-1234.936857,-1035.773075
40.27170343,-1244.925079,-1028.01212
40.73802778,-1254.747625,-1020.223311
41.20975191,-1264.405964,-1012.409845
41.68693835,-1273.901609,-1004.574833
42.16965034,-1283.236112,-996.7213042
42.65795188,-1292.411064,-988.8522009
43.15190768,-1301.428089,-980.970384
43.65158322,-1310.288843,-973.0786319
44.15704474,-1318.99501,-965.1796418
44.66835922,-1327.548303,-957.2760303
45.18559444,-1335.950457,-949.3703347
45.70881896,-1344.203231,-941.4650138
46.23810214,-1352.308399,-933.5624491
46.77351413,-1360.267758,-925.6649458
47.3151259,-1368.083116,-917.774734
47.86300923,-1375.756295,-909.8939697
48.41723676,-1383.289129,-902.0247362
48.97788194,-1390.68346,-894.1690453
49.54501908,-1397.941139,-886.3288385
50.11872336,-1405.064022,-878.505988
50.69907083,-1412.053967,-870.7022984
51.2861384,-1418.912838,-862.9195079
51.88000389,-1425.642497,-855.1592892
52.48074602,-1432.244807,-847.4232515
53.08844442,-1438.721629,-839.7129411
53.70317964,-1445.074821,-832.0298431
54.32503315,-1451.306234,-824.375383
54.95408739,-1457.417718,-816.7509272
55.59042573,-1463.411112,-809.1577852
56.23413252,-1469.28825,-801.5972103
56.88529308,-1475.050955,-794.0704013
57.54399373,-1480.701042,-786.5785036
58.21032178,-1486.240314,-779.1226106
58.88436554,-1491.670565,-771.7037648
59.56621435,-1496.993572,-764.3229593
60.25595861,-1502.211104,-756.9811392
60.95368972,-1507.324913,-749.6792022
61.65950019,-1512.336739,-742.4180007
62.37348355,-1517.248304,-735.1983424
63.09573445,-1522.061317,-728.0209918
63.82634862,-1526.777471,-720.8866713
64.5654229,-1531.398441,-713.7960624
65.31305526,-1535.925885,-706.7498069
66.0693448,-1540.361445,-699.7485079
66.83439176,-1544.706744,-692.7927313
67.60829754,-1548.963388,-685.8830063
68.39116473,-1553.132965,-679.0198272
69.18309709,-1557.217041,-672.2036538
69.9841996,-1561.217167,-665.4349129
70.79457844,-1565.134874,-658.7139992
71.61434102,-1568.971672,-652.0412763
72.44359601,-1572.729053,-645.4170777
73.28245331,-1576.408488,-638.8417077
74.13102413,-1580.011431,-632.3154426
74.98942093,-1583.539314,-625.8385312
75.8577575,-1586.99355,-619.4111961
76.73614894,-1590.37553,-613.0336344
77.62471166,-1593.686629,-606.7060188
78.52356346,-1596.928198,-600.4284981
79.43282347,-1600.101571,-594.2011983
80.35261222,-1603.208061,-588.0242232
81.28305162,-1606.24896,-581.8976554
82.22426499,-1609.225543,-575.821557
83.17637711,-1612.139061,-569.7959704
84.13951416,-1614.99075,-563.8209188
85.11380382,-1617.781823,-557.8964072
86.09937522,-1620.513474,-552.0224231
87.096359,-1623.186879,-546.1989368
88.1048873,-1625.803195,-540.4259026
89.12509381,-1628.363557,-534.703259
90.15711376,-1630.869084,-529.0309295
91.20108394,-1633.320875,-523.4088234
92.25714272,-1635.72001,-517.836836
93.32543008,-1638.06755,-512.3148495
94.40608763,-1640.36454,-506.8427334
95.4992586,-1642.612005,-501.4203449
96.6050879,-1644.810951,-496.04753
97.7237221,-1646.962369,-490.7241233
98.85530947,-1649.06723,-485.4499489
100,-1651.126489,-480.2248208
101.1579454,-1653.141083,-475.0485434
102.3292992,-1655.111932,-469.9209119
103.5142167,-1657.03994,-464.8417127
104.7128548,-1658.925994,-459.8107241
105.9253725,-1660.770964,-454.8277161
107.1519305,-1662.575705,-449.8924516
108.3926914,-1664.341054,-445.0046861
109.6478196,-1666.067835,-440.1641686
110.9174815,-1667.756854,-435.3706415
112.2018454,-1669.408904,-430.6238413
113.5010816,-1671.02476,-425.9234988
114.8153621,-1672.605186,-421.2693393
116.1448614,-1674.150927,-416.6610833
117.4897555,-1675.662717,-412.0984463
118.8502227,-1677.141275,-407.5811396
120.2264435,-1678.587304,-403.1088701
121.6186001,-1680.001496,-398.681341
123.0268771,-1681.384528,-394.2982519
124.4514612,-1682.737063,-389.9592989
125.8925412,-1684.059753,-385.6641751
127.3503081,-1685.353235,-381.4125706
128.8249552,-1686.618134,-377.2041731
130.3166778,-1687.855063,-373.0386675
131.8256739,-1689.064623,-368.915737
133.3521432,-1690.247401,-364.8350623
134.8962883,-1691.403973,-360.7963227
136.4583137,-1692.534906,-356.7991956
138.0384265,-1693.640751,-352.8433571
139.6368361,-1694.722052,-348.9284822
141.2537545,-1695.779338,-345.0542445
142.8893959,-1696.81313,-341.220317
144.5439771,-1697.823938,-337.4263717
146.2177174,-1698.81226,-333.6720802
147.9108388,-1699.778585,-329.9571134
149.6235656,-1700.723391,-326.2811422
151.3561248,-1701.647147,-322.643837
153.1087462,-1702.550312,-319.0448684
154.8816619,-1703.433336,-315.4839068
156.675107,-1704.296658,-311.960623
158.4893192,-1705.140709,-308.474688
160.3245391,-1705.965911,-305.0257732
162.1810097,-1706.772676,-301.6135506
164.0589773,-1707.561409,-298.2376927
165.9586907,-1708.332506,-294.8978727
167.8804018,-1709.086354,-291.5937647
169.8243652,-1709.823332,-288.3250435
171.7908387,-1710.543811,-285.0913849
173.7800829,-1711.248154,-281.892466
175.7923614,-1711.936717,-278.7279646
177.827941,-1712.609848,-275.59756
179.8870915,-1713.267888,-272.5009325
181.9700859,-1713.911169,-269.437764
184.0772001,-1714.540018,-266.4077375
186.2087137,-1715.154753,-263.4105377
188.3649089,-1715.755688,-260.4458504
190.5460718,-1716.343128,-257.5133634
192.7524913,-1716.917371,-254.6127658
194.98446,-1717.47871,-251.7437483
197.2422736,-1718.027432,-248.9060036
199.5262315,-1718.563817,-246.0992257
201.8366364,-1719.088138,-243.3231106
204.1737945,-1719.600663,-240.5773562
206.5380156,-1720.101656,-237.861662
208.9296131,-1720.591372,-235.1757295
211.348904,-1721.070062,-232.519262
213.796209,-1721.537973,-229.8919648
216.2718524,-1721.995343,-227.2935451
218.7761624,-1722.442409,-224.7237122
221.309471,-1722.8794,-222.1821772
223.8721139,-1723.30654,-219.6686534
226.4644308,-1723.72405,-217.182856
229.0867653,-1724.132145,-214.7245024
231.739465,-1724.531034,-212.2933118
234.4228815,-1724.920925,-209.8890058
237.1373706,-1725.302018,-207.511308
239.8832919,-1725.674509,-205.159944
242.6610095,-1726.038592,-202.8346416
245.4708916,-1726.394454,-200.5351308
248.3133105,-1726.742281,-198.2611436
251.1886432,-1727.08225,-196.0124142
254.0972706,-1727.41454,-193.7886791
257.0395783,-1727.739322,-191.5896767
260.0159563,-1728.056765,-189.4151477
263.0267992,-1728.367032,-187.2648351
266.072506,-1728.670286,-185.1384837
269.1534804,-1728.966683,-183.0358408
272.2701308,-1729.256378,-180.9566557
275.4228703,-1729.539521,-178.90068
278.6121169,-1729.81626,-176.8676674
281.8382931,-1730.086738,-174.8573736
285.1018268,-1730.351096,-172.8695567
288.4031503,-1730.609472,-170.9039769
291.7427014,-1730.862001,-168.9603964
295.1209227,-1731.108813,-167.0385798
298.5382619,-1731.350038,-165.1382936
301.995172,-1731.585802,-163.2593065
305.4921113,-1731.816227,-161.4013895
309.0295433,-1732.041434,-159.5643156
312.6079367,-1732.26154,-157.7478597
316.227766,-1732.47666,-155.9517992
319.889511,-1732.686907,-154.1759133
323.5936569,-1732.89239,-152.4199835
327.3406949,-1733.093218,-150.6837932
331.1311215,-1733.289494,-148.9671279
334.9654392,-1733.481322,-147.2697753
338.8441561,-1733.668803,-145.5915251
342.7677865,-1733.852033,-143.9321688
346.7368505,-1734.031109,-142.2915002
350.751874,-1734.206126,-140.6693151
354.8133892,-1734.377174,-139.0654112
358.9219346,-1734.544343,-137.4795882
363.0780548,-1734.707721,-135.9116479
367.2823005,-1734.867394,-134.3613938
371.5352291,-1735.023445,-132.8286318
375.8374043,-1735.175956,-131.3131692
380.1893963,-1735.325007,-129.8148157
384.591782,-1735.470677,-128.3333827
389.045145,-1735.613041,-126.8686834
393.5500755,-1735.752176,-125.4205332
398.1071706,-1735.888152,-123.9887491
402.7170343,-1736.021043,-122.5731501
407.3802778,-1736.150918,-121.1735569
412.0975191,-1736.277845,-119.7897923
416.8693835,-1736.401891,-118.4216807
421.6965034,-1736.523121,-117.0690484
426.5795188,-1736.641599,-115.7317234
431.5190768,-1736.757388,-114.4095356
436.5158322,-1736.870547,-113.1023167
441.5704474,-1736.981137,-111.8099
446.6835922,-1737.089216,-110.5321205
451.8559444,-1737.19484,-109.2688152
457.0881896,-1737.298066,-108.0198225
462.3810214,-1737.398947,-106.7849828
467.7351413,-1737.497538,-105.5641379
473.151259,-1737.593889,-104.3571313
478.6300923,-1737.688051,-103.1638084
484.1723676,-1737.780075,-101.984016
489.7788194,-1737.870008,-100.8176026
495.4501908,-1737.957898,-99.66441825
501.1872336,-1738.043791,-98.52431468
506.9907083,-1738.127733,-97.39714517
512.861384,-1738.209768,-96.28276456
518.8000389,-1738.289938,-95.18102922
524.8074602,-1738.368287,-94.0917971
530.8844442,-1738.444856,-93.01492764
537.0317964,-1738.519685,-91.95028181
543.2503315,-1738.592813,-90.89772205
549.5408739,-1738.664279,-89.8571123
555.9042573,-1738.734121,-88.82831798
562.3413252,-1738.802376,-87.81120593
568.8529308,-1738.86908,-86.80564445
575.4399373,-1738.934267,-85.81150326
582.1032178,-1738.997973,-84.82865349
588.8436554,-1739.06023,-83.85696768
595.6621435,-1739.121073,-82.89631975
602.5595861,-1739.180532,-81.94658497
609.5368972,-1739.238639,-81.00764
616.5950019,-1739.295426,-80.07936283
623.7348355,-1739.350922,-79.16163277
630.9573445,-1739.405155,-78.25433046
638.2634862,-1739.458156,-77.35733786
645.654229,-1739.509952,-76.47053818
653.1305526,-1739.56057,-75.59381596
660.693448,-1739.610038,-74.72705696
668.3439176,-1739.65838,-73.87014822
676.0829754,-1739.705623,-73.02297802
683.9116473,-1739.751792,-72.18543585
691.8309709,-1739.796911,-71.35741243
699.841996,-1739.841004,-70.53879969
707.9457844,-1739.884095,-69.72949074
716.1434102,-1739.926205,-68.92937986
724.4359601,-1739.967358,-68.13836251
732.8245331,-1740.007575,-67.35633529
741.3102413,-1740.046877,-66.58319597
749.8942093,-1740.085285,-65.81884342
758.577575,-1740.12282,-65.06317764
767.3614894,-1740.159501,-64.31609975
776.2471166,-1740.195348,-63.57751193
785.2356346,-1740.23038,-62.84731749
794.3282347,-1740.264614,-62.12542078
803.5261222,-1740.29807,-61.41172721
812.8305162,-1740.330765,-60.70614327
822.2426499,-1740.362717,-60.00857645
831.7637711,-1740.393941,-59.31893529
841.3951416,-1740.424455,-58.63712935
851.1380382,-1740.454276,-57.96306918
860.9937522,-1740.483417,-57.29666634
870.96359,-1740.511896,-56.63783337
881.048873,-1740.539727,-55.98648377
891.2509381,-1740.566925,-55.34253203
901.5711376,-1740.593504,-54.70589357
912.0108394,-1740.619479,-54.07648476
922.5714272,-1740.644862,-53.45422291
933.2543008,-1740.669668,-52.83902624
944.0608763,-1740.69391,-52.23081389
954.992586,-1740.7176,-51.62950591
966.050879,-1740.740751,-51.03502323
977.237221,-1740.763375,-50.44728766
988.5530947,-1740.785485,-49.86622189
1000,-1740.807092,-49.29174949
1011.579454,-1740.828207,-48.72379486
1023.292992,-1740.848841,-48.16228325
1035.142167,-1740.869007,-47.60714076
1047.128548,-1740.888713,-47.0582943
1059.253725,-1740.907971,-46.5156716
1071.519305,-1740.92679,-45.97920122
1083.926914,-1740.945182,-45.44881248
1096.478196,-1740.963155,-44.92443553
1109.174815,-1740.980719,-44.40600128
1122.018454,-1740.997883,-43.89344142
1135.010816,-1741.014657,-43.3866884
1148.153621,-1741.031049,-42.88567544
1161.448614,-1741.047068,-42.39033648
1174.897555,-1741.062723,-41.90060624
1188.502227,-1741.078021,-41.41642013
1202.264435,-1741.092971,-40.93771431
1216.186001,-1741.107581,-40.46442564
1230.268771,-1741.121859,-39.99649171
1244.514612,-1741.135811,-39.53385079
1258.925412,-1741.149446,-39.07644184
1273.503081,-1741.162771,-38.6242045
1288.249552,-1741.175793,-38.17707912
1303.166778,-1741.188518,-37.73500667
1318.256739,-1741.200953,-37.29792881
1333.521432,-1741.213106,-36.86578786
1348.962883,-1741.224982,-36.43852677
1364.583137,-1741.236588,-36.01608912
1380.384265,-1741.247929,-35.59841915
1396.368361,-1741.259013,-35.1854617
1412.537545,-1741.269844,-34.77716225
1428.893959,-1741.280428,-34.37346686
1445.439771,-1741.290772,-33.97432222
1462.177174,-1741.300881,-33.57967561
1479.108388,-1741.310759,-33.18947489
1496.235656,-1741.320412,-32.80366851
1513.561248,-1741.329846,-32.42220551
1531.087462,-1741.339065,-32.04503548
1548.816619,-1741.348074,-31.67210859
1566.75107,-1741.356878,-31.30337554
1584.893192,-1741.365482,-30.93878761
1603.245391,-1741.37389,-30.57829661
1621.810097,-1741.382106,-30.2218549
1640.589773,-1741.390136,-29.86941536
1659.586907,-1741.397982,-29.5209314
1678.804018,-1741.40565,-29.17635695
1698.243652,-1741.413144,-28.83564645
1717.908387,-1741.420467,-28.49875486
1737.800829,-1741.427623,-28.16563763
1757.923614,-1741.434616,-27.83625071
1778.27941,-1741.44145,-27.51055055
1798.870915,-1741.448129,-27.18849407
1819.700859,-1741.454655,-26.87003869
1840.772001,-1741.461033,-26.55514227
1862.087137,-1741.467266,-26.24376318
1883.649089,-1741.473356,-25.93586022
1905.460718,-1741.479309,-25.63139266
1927.524913,-1741.485125,-25.33032024
1949.8446,-1741.490809,-25.03260311
1972.422736,-1741.496364,-24.7382019
1995.262315,-1741.501792,-24.44707764
2018.366364,-1741.507097,-24.15919184
2041.737945,-1741.512281,-23.87450638
2065.380156,-1741.517347,-23.59298361
2089.296131,-1741.522297,-23.31458627
2113.48904,-1741.527135,-23.03927751
2137.96209,-1741.531862,-22.76702092
2162.718524,-1741.536482,-22.49778045
2187.761624,-1741.540997,-22.23152048
2213.09471,-1741.545409,-21.96820576
2238.721139,-1741.54972,-21.70780144
2264.644308,-1741.553933,-21.45027306
2290.867653,-1741.558051,-21.19558653
2317.39465,-1741.562074,-20.94370814
2344.228815,-1741.566006,-20.69460454
2371.373706,-1741.569848,-20.44824277
2398.832919,-1741.573603,-20.2045902
2426.610095,-1741.577272,-19.96361458
2454.708916,-1741.580857,-19.72528401
2483.133105,-1741.584361,-19.48956694
2511.886432,-1741.587785,-19.25643216
2540.972706,-1741.591131,-19.02584879
2570.395783,-1741.594401,-18.79778633
2600.159563,-1741.597596,-18.57221455
2630.267992,-1741.600719,-18.34910361
2660.72506,-1741.60377,-18.12842395
2691.534804,-1741.606752,-17.91014635
2722.701308,-1741.609666,-17.69424191
2754.228703,-1741.612513,-17.48068204
2786.121169,-1741.615295,-17.26943847
2818.382931,-1741.618014,-17.0604832
2851.018268,-1741.620671,-16.85378858
2884.031503,-1741.623268,-16.64932723
2917.427014,-1741.625805,-16.44707207
2951.209227,-1741.628284,-16.24699631
2985.382619,-1741.630707,-16.04907346
3019.95172,-1741.633075,-15.85327731
3054.921113,-1741.635388,-15.65958191
3090.295433,-1741.637649,-15.46796162
3126.079367,-1741.639858,-15.27839106
3162.27766,-1741.642017,-15.09084511
3198.89511,-1741.644126,-14.90529894
3235.936569,-1741.646188,-14.72172797
3273.406949,-1741.648202,-14.54010788
3311.311215,-1741.65017,-14.36041462
3349.654392,-1741.652094,-14.18262437
3388.441561,-1741.653973,-14.0067136
3427.677865,-1741.655809,-13.832659
3467.368505,-1741.657604,-13.66043751
3507.51874,-1741.659357,-13.49002631
3548.133892,-1741.661071,-13.32140284
3589.219346,-1741.662745,-13.15454475
3630.780548,-1741.664381,-12.98942994
3672.823005,-1741.665979,-12.82603653
3715.352291,-1741.667541,-12.66434289
3758.374043,-1741.669068,-12.50432758
3801.893963,-1741.670559,-12.3459694
3845.91782,-1741.672016,-12.18924739
3890.45145,-1741.67344,-12.03414076
3935.500755,-1741.674831,-11.88062899
3981.071706,-1741.67619,-11.72869171
4027.170343,-1741.677519,-11.57830881
4073.802778,-1741.678816,-11.42946037
4120.975191,-1741.680084,-11.28212665
4168.693835,-1741.681323,-11.13628814
4216.965034,-1741.682534,-10.99192551
4265.795188,-1741.683716,-10.84901964
4315.190768,-1741.684872,-10.70755159
4365.158322,-1741.686001,-10.56750262
4415.704474,-1741.687104,-10.42885418
4466.835922,-1741.688181,-10.29158788
4518.559444,-1741.689234,-10.15568554
4570.881896,-1741.690263,-10.02112916
4623.810214,-1741.691268,-9.887900899
4677.351413,-1741.692249,-9.755983111
4731.51259,-1741.693208,-9.625358314
4786.300923,-1741.694145,-9.496009198
4841.723676,-1741.695061,-9.367918624
4897.788194,-1741.695955,-9.241069618
4954.501908,-1741.696828,-9.115445372
5011.872336,-1741.697682,-8.991029238
5069.907083,-1741.698515,-8.86780473
5128.61384,-1741.699329,-8.745755519
5188.000389,-1741.700125,-8.624865431
5248.074602,-1741.700901,-8.505118446
5308.844442,-1741.70166,-8.386498696
5370.317964,-1741.702401,-8.268990463
5432.503315,-1741.703125,-8.152578173
5495.408739,-1741.703832,-8.0372464
5559.042573,-1741.704523,-7.92297986
5623.413252,-1741.705197,-7.809763411
5688.529308,-1741.705856,-7.697582048
5754.399373,-1741.706499,-7.586420906
5821.032178,-1741.707127,-7.476265254
5888.436554,-1741.70774,-7.367100492
5956.621435,-1741.708339,-7.258912154
6025.595861,-1741.708924,-7.151685902
6095.368972,-1741.709495,-7.045407527
6165.950019,-1741.710053,-6.940062943
6237.348355,-1741.710597,-6.83563819
6309.573445,-1741.711128,-6.732119428
6382.634862,-1741.711647,-6.629492938
6456.54229,-1741.712154,-6.527745121
6531.305526,-1741.712648,-6.42686249
6606.93448,-1741.713131,-6.326831676
6683.439176,-1741.713601,-6.227639423
6760.829754,-1741.714061,-6.129272584
6839.116473,-1741.71451,-6.031718122
6918.309709,-1741.714947,-5.934963109
6998.41996,-1741.715374,-5.838994721
7079.457844,-1741.715791,-5.74380024
7161.434102,-1741.716198,-5.649367049
7244.359601,-1741.716594,-5.555682633
7328.245331,-1741.716981,-5.462734576
7413.102413,-1741.717359,-5.370510558
7498.942093,-1741.717727,-5.278998357
7585.77575,-1741.718086,-5.188185845
7673.614894,-1741.718436,-5.098060985
7762.471166,-1741.718777,-5.008611833
7852.356346,-1741.71911,-4.919826534
7943.282347,-1741.719434,-4.83169332
8035.261222,-1741.71975,-4.744200511
8128.305162,-1741.720058,-4.65733651
8222.426499,-1741.720358,-4.571089805
8317.637711,-1741.72065,-4.485448966
8413.951416,-1741.720935,-4.400402641
8511.380382,-1741.721212,-4.315939558
8609.937522,-1741.721482,-4.232048524
8709.6359,-1741.721745,-4.148718418
8810.48873,-1741.722001,-4.065938198
8912.509381,-1741.72225,-3.983696891
9015.711376,-1741.722492,-3.901983597
9120.108394,-1741.722728,-3.820787485
9225.714272,-1741.722957,-3.740097795
9332.543008,-1741.72318,-3.659903831
9440.608763,-1741.723397,-3.580194965
9549.92586,-1741.723607,-3.500960631
9660.50879,-1741.723812,-3.422190329
9772.37221,-1741.72401,-3.343873618
9885.530947,-1741.724203,-3.266000117
10000,-1741.72439,-3.188559506
10115.79454,-1741.724571,-3.11154152
10232.92992,-1741.724747,-3.034935951
10351.42167,-1741.724918,-2.958732645
10471.28548,-1741.725083,-2.882921504
10592.53725,-1741.725243,-2.807492477
10715.19305,-1741.725398,-2.732435569
10839.26914,-1741.725548,-2.65774083
10964.78196,-1741.725693,-2.58339836
11091.74815,-1741.725833,-2.509398307
11220.18454,-1741.725968,-2.435730861
11350.10816,-1741.726098,-2.362386258
11481.53621,-1741.726224,-2.289354778
11614.48614,-1741.726345,-2.21662674
11748.97555,-1741.726461,-2.144192505
11885.02227,-1741.726573,-2.072042472
12022.64435,-1741.72668,-2.000167078
12161.86001,-1741.726783,-1.928556797
12302.68771,-1741.726882,-1.857202137
12445.14612,-1741.726977,-1.786093639
12589.25412,-1741.727067,-1.715221881
12735.03081,-1741.727153,-1.644577466
12882.49552,-1741.727235,-1.574151034
13031.66778,-1741.727313,-1.503933247
13182.56739,-1741.727387,-1.4339148
13335.21432,-1741.727456,-1.364086412
13489.62883,-1741.727522,-1.294438828
13645.83137,-1741.727584,-1.224962816
13803.84265,-1741.727642,-1.155649167
13963.68361,-1741.727696,-1.086488695
14125.37545,-1741.727747,-1.017472232
14288.93959,-1741.727793,-0.9485906318
14454.39771,-1741.727836,-0.8798347626
14621.77174,-1741.727875,-0.8111955123
14791.08388,-1741.72791,-0.7426637829
14962.35656,-1741.727941,-0.6742304906
15135.61248,-1741.727969,-0.6058865651
15310.87462,-1741.727993,-0.5376229479
15488.16619,-1741.728013,-0.4694305908
15667.5107,-1741.72803,-0.4013004553
15848.93192,-1741.728043,-0.3332235109
16032.45391,-1741.728052,-0.2651907346
16218.10097,-1741.728057,-0.1971931092
16405.89773,-1741.728059,-0.1292216214
16595.86907,-1741.728058,-0.06126726182
16788.04018,-1741.728052,0.0066789758
16982.43652,-1741.728043,0.07462609799
17179.08387,-1741.728031,0.1425831104
17378.00829,-1741.728014,0.2105590208
17579.23614,-1741.727994,0.2785628386
17782.7941,-1741.727971,0.3466035781
17988.70915,-1741.727943,0.414690257
18197.00859,-1741.727912,0.4828319005
18407.72001,-1741.727877,0.5510375398
18620.87137,-1741.727839,0.6193162153
18836.49089,-1741.727796,0.6876769773
19054.60718,-1741.72775,0.7561288864
19275.24913,-1741.7277,0.8246810159
19498.446,-1741.727647,0.8933424515
19724.22736,-1741.727589,0.9621222947
19952.62315,-1741.727527,1.031029661
20183.66364,-1741.727462,1.100073684
20417.37945,-1741.727392,1.169263515
20653.80156,-1741.727319,1.238608325
20892.96131,-1741.727241,1.308117306
21134.8904,-1741.72716,1.377799669
21379.6209,-1741.727074,1.447664651
21627.18524,-1741.726984,1.517721513
21877.61624,-1741.72689,1.587979539
22130.9471,-1741.726791,1.658448042
22387.21139,-1741.726689,1.729136363
22646.44308,-1741.726581,1.80005387
22908.67653,-1741.72647,1.871209964
23173.9465,-1741.726354,1.942614074
23442.28815,-1741.726233,2.014275667
23713.73706,-1741.726108,2.086204239
23988.32919,-1741.725978,2.158409324
24266.10095,-1741.725843,2.230900493
24547.08916,-1741.725704,2.303687354
24831.33105,-1741.725559,2.376779554
25118.86432,-1741.72541,2.450186781
25409.72706,-1741.725255,2.523918764
25703.95783,-1741.725096,2.597985276
26001.59563,-1741.724931,2.672396134
26302.67992,-1741.724761,2.7471612
26607.2506,-1741.724585,2.822290384
26915.34804,-1741.724404,2.897793644
27227.01308,-1741.724218,2.973680986
27542.28703,-1741.724025,3.049962469
27861.21169,-1741.723827,3.126648204
28183.82931,-1741.723623,3.203748354
28510.18268,-1741.723413,3.281273138
28840.31503,-1741.723197,3.359232831
29174.27014,-1741.722975,3.437637765
29512.09227,-1741.722746,3.516498333
29853.82619,-1741.722511,3.595824988
30199.5172,-1741.722269,3.675628241
30549.21113,-1741.722021,3.75591867
30902.95433,-1741.721765,3.836706919
31260.79367,-1741.721503,3.918003692
31622.7766,-1741.721233,3.999819765
31988.9511,-1741.720957,4.082165983
32359.36569,-1741.720672,4.165053258
32734.06949,-1741.720381,4.248492577
33113.11215,-1741.720081,4.332494998
33496.54392,-1741.719774,4.417071654
33884.41561,-1741.719459,4.502233755
34276.77865,-1741.719135,4.587992588
34673.68505,-1741.718803,4.674359519
35075.1874,-1741.718462,4.761345994
35481.33892,-1741.718113,4.848963542
35892.19346,-1741.717755,4.937223775
36307.80548,-1741.717388,5.026138391
36728.23005,-1741.717011,5.115719174
37153.52291,-1741.716625,5.205977996
37583.74043,-1741.716229,5.296926818
38018.93963,-1741.715823,5.388577696
38459.1782,-1741.715407,5.480942773
38904.5145,-1741.714981,5.574034295
39355.00755,-1741.714544,5.667864595
39810.71706,-1741.714096,5.76244611
40271.70343,-1741.713638,5.857791376
40738.02778,-1741.713167,5.953913027
41209.75191,-1741.712686,6.050823802
41686.93835,-1741.712192,6.148536545
42169.65034,-1741.711687,6.247064205
42657.95188,-1741.711169,6.34641984
43151.90768,-1741.710639,6.446616616
43651.58322,-1741.710095,6.547667813
44157.04474,-1741.709539,6.649586822
44668.35922,-1741.708969,6.75238715
45185.59444,-1741.708385,6.856082419
45708.81896,-1741.707787,6.960686372
46238.10214,-1741.707175,7.066212872
46773.51413,-1741.706548,7.172675901
47315.1259,-1741.705906,7.28008957
47863.00923,-1741.705249,7.388468112
48417.23676,-1741.704576,7.497825889
48977.88194,-1741.703886,7.608177394
49545.01908,-1741.703181,7.719537249
50118.72336,-1741.702458,7.831920211
50699.07083,-1741.701718,7.945341174
51286.1384,-1741.700961,8.059815166
51880.00389,-1741.700185,8.175357358
52480.74602,-1741.699392,8.291983059
53088.44442,-1741.698579,8.409707725
53703.17964,-1741.697747,8.528546953
54325.03315,-1741.696895,8.648516493
54954.08739,-1741.696023,8.769632242
55590.42573,-1741.695131,8.891910246
56234.13252,-1741.694217,9.015366709
56885.29308,-1741.693282,9.140017993
57543.99373,-1741.692324,9.265880609
58210.32178,-1741.691344,9.392971238
58884.36554,-1741.690341,9.521306717
59566.21435,-1741.689315,9.650904054
60255.95861,-1741.688264,9.781780418
60953.68972,-1741.687188,9.913953149
61659.50019,-1741.686087,10.04743976
62373.48355,-1741.68496,10.18225794
63095.73445,-1741.683807,10.31842556
63826.34862,-1741.682626,10.45596064
64565.4229,-1741.681418,10.59488141
65313.05526,-1741.680182,10.73520629
66069.3448,-1741.678916,10.87695385
66834.39176,-1741.67762,11.02014289
67608.29754,-1741.676295,11.16479236
68391.16473,-1741.674938,11.31092144
69183.09709,-1741.673549,11.45854949
69984.1996,-1741.672128,11.60769605
70794.57844,-1741.670673,11.7583809
71614.34102,-1741.669185,11.91062399
72443.59601,-1741.667661,12.06444549
73282.45331,-1741.666102,12.21986578
74131.02413,-1741.664506,12.37690545
74989.42093,-1741.662873,12.5355853
75857.7575,-1741.661202,12.69592634
76736.14894,-1741.659492,12.85794983
77624.71166,-1741.657742,13.02167723
78523.56346,-1741.65595,13.18713021
79432.82347,-1741.654117,13.35433069
80352.61222,-1741.652241,13.52330084
81283.05162,-1741.650321,13.69406301
82224.26499,-1741.648357,13.86663984
83176.37711,-1741.646346,14.04105418
84139.51416,-1741.644288,14.21732913
85113.80382,-1741.642183,14.39548804
86099.37522,-1741.640028,14.5755545
87096.359,-1741.637823,14.75755236
88104.8873,-1741.635566,14.94150573
89125.09381,-1741.633257,15.12743897
90157.11376,-1741.630893,15.3153767
91201.08394,-1741.628475,15.50534381
92257.14272,-1741.626,15.69736546
93325.43008,-1741.623467,15.89146707
94406.08763,-1741.620876,16.08767435
95499.2586,-1741.618223,16.28601328
96605.0879,-1741.615509,16.48651013
97723.7221,-1741.612732,16.68919143
98855.30947,-1741.60989,16.89408404
100000,-1741.606981,17.10121507
101157.9454,-1741.604005,17.31061196
102329.2992,-1741.600959,17.52230242
103514.2167,-1741.597842,17.73631448
104712.8548,-1741.594653,17.95267648
105925.3725,-1741.591389,18.17141706
107151.9305,-1741.588049,18.39256517
108392.6914,-1741.584631,18.6161501
109647.8196,-1741.581133,18.84220144
110917.4815,-1741.577554,19.07074912
112201.8454,-1741.573892,19.30182337
113501.0816,-1741.570144,19.5354548
114815.3621,-1741.566309,19.77167432
116144.8614,-1741.562384,20.0105132
117489.7555,-1741.558368,20.25200305
118850.2227,-1741.554258,20.49617583
120226.4435,-1741.550052,20.74306385
121618.6001,-1741.545749,20.99269979
123026.8771,-1741.541345,21.24511667
124451.4612,-1741.536838,21.5003479
125892.5412,-1741.532227,21.75842726
127350.3081,-1741.527508,22.01938888
128824.9552,-1741.522679,22.2832673
130316.6778,-1741.517737,22.55009743
131825.6739,-1741.512681,22.81991457
133352.1432,-1741.507506,23.09275442
134896.2883,-1741.502211,23.36865305
136458.3137,-1741.496793,23.64764699
138038.4265,-1741.491248,23.92977311
139636.8361,-1741.485574,24.21506875
141253.7545,-1741.479768,24.50357162
142889.3959,-1741.473827,24.7953199
144543.9771,-1741.467748,25.09035216
146217.7174,-1741.461526,25.38870741
147910.8388,-1741.45516,25.69042511
149623.5656,-1741.448645,25.99554514
151356.1248,-1741.441979,26.30410787
153108.7462,-1741.435157,26.61615406
154881.6619,-1741.428177,26.93172499
156675.107,-1741.421034,27.25086236
158489.3192,-1741.413724,27.57360836
160324.5391,-1741.406244,27.90000564
162181.0097,-1741.39859,28.23009735
164058.9773,-1741.390758,28.56392712
165958.6907,-1741.382743,28.90153904
167880.4018,-1741.374542,29.24297774
169824.3652,-1741.36615,29.58828833
171790.8387,-1741.357562,29.93751643
173780.0829,-1741.348774,30.29070817
175792.3614,-1741.339781,30.64791022
177827.941,-1741.330579,31.00916975
179887.0915,-1741.321163,31.37453448
181970.0859,-1741.311527,31.74405266
184077.2001,-1741.301667,32.11777308
186208.7137,-1741.291577,32.49574509
188364.9089,-1741.281253,32.8780186
190546.0718,-1741.270688,33.26464407
192752.4913,-1741.259876,33.65567254
194984.46,-1741.248814,34.05115563
197242.2736,-1741.237493,34.45114551
199526.2315,-1741.225909,34.855695
201836.6364,-1741.214055,35.26485745
204173.7945,-1741.201925,35.67868686
206538.0156,-1741.189512,36.09723783
208929.6131,-1741.176811,36.52056556
211348.904,-1741.163814,36.94872588
213796.209,-1741.150514,37.38177527
216271.8524,-1741.136904,37.81977082
218776.1624,-1741.122977,38.26277029
221309.471,-1741.108727,38.71083207
223872.1139,-1741.094144,39.16401523
226464.4308,-1741.079222,39.6223795
229086.7653,-1741.063952,40.08598527
231739.465,-1741.048327,40.55489363
234422.8815,-1741.032338,41.02916637
237137.3706,-1741.015977,41.50886594
239883.2919,-1740.999235,41.99405553
242661.0095,-1740.982103,42.48479904
245470.8916,-1740.964572,42.98116107
248313.3105,-1740.946633,43.48320697
251188.6432,-1740.928276,43.99100281
254097.2706,-1740.909492,44.50461544
257039.5783,-1740.890271,45.02411242
260015.9563,-1740.870602,45.5495621
263026.7992,-1740.850475,46.08103359
266072.506,-1740.82988,46.61859678
269153.4804,-1740.808805,47.16232237
272270.1308,-1740.78724,47.71228182
275422.8703,-1740.765173,48.26854743
278612.1169,-1740.742592,48.83119228
281838.2931,-1740.719485,49.4002903
285101.8268,-1740.69584,49.97591624
288403.1503,-1740.671646,50.5581457
291742.7014,-1740.646887,51.14705513
295120.9227,-1740.621553,51.74272182
298538.2619,-1740.595629,52.34522396
301995.172,-1740.569102,52.9546406
305492.1113,-1740.541957,53.57105168
309029.5433,-1740.51418,54.19453803
312607.9367,-1740.485757,54.82518141
316227.766,-1740.456672,55.46306448
319889.511,-1740.426911,56.10827083
323593.6569,-1740.396456,56.76088499
327340.6949,-1740.365293,57.42099243
331131.1215,-1740.333405,58.0886796
334965.4392,-1740.300775,58.76403387
338844.1561,-1740.267385,59.44714363
342767.7865,-1740.233219,60.13809826
346736.8505,-1740.198257,60.83698811
350751.874,-1740.162482,61.54390456
354813.3892,-1740.125874,62.25893998
358921.9346,-1740.088415,62.98218783
363078.0548,-1740.050084,63.71374254
367282.3005,-1740.010861,64.45369963
371535.2291,-1739.970726,65.2021557
375837.4043,-1739.929657,65.95920838
380189.3963,-1739.887632,66.72495642
384591.782,-1739.84463,67.49949964
389045.145,-1739.800627,68.28293899
393550.0755,-1739.755601,69.07537654
398107.1706,-1739.709527,69.87691544
402717.0343,-1739.662382,70.68766007
407380.2778,-1739.614139,71.50771589
412097.5191,-1739.564775,72.33718954
416869.3835,-1739.514263,73.17618885
421696.5034,-1739.462575,74.02482285
426579.5188,-1739.409686,74.88320174
431519.0768,-1739.355567,75.75143694
436515.8322,-1739.300189,76.6296411
441570.4474,-1739.243523,77.51792812
446683.5922,-1739.185539,78.41641313
451855.9444,-1739.126207,79.32521252
457088.1896,-1739.065496,80.24444395
462381.0214,-1739.003373,81.17422638
467735.1413,-1738.939805,82.11468006
473151.259,-1738.87476,83.06592654
478630.0923,-1738.808203,84.02808871
484172.3676,-1738.740098,85.00129078
489778.8194,-1738.67041,85.9856583
495450.1908,-1738.599102,86.98131822
501187.2336,-1738.526136,87.98839881
506990.7083,-1738.451475,89.00702976
512861.384,-1738.375078,90.03734214
518800.0389,-1738.296906,91.07946844
524807.4602,-1738.216917,92.13354256
530884.4442,-1738.13507,93.19969986
537031.7964,-1738.05132,94.27807713
543250.3315,-1737.965625,95.36881263
549540.8739,-1737.877938,96.47204608
555904.2573,-1737.788215,97.58791871
562341.3252,-1737.696406,98.71657322
568852.9308,-1737.602466,99.85815385
575439.9373,-1737.506343,101.0128063
582103.2178,-1737.407987,102.180678
588843.6554,-1737.307347,103.3619177
595662.1435,-1737.20437,104.5566758
602559.5861,-1737.099002,105.7651042
609536.8972,-1736.991186,106.9873567
616595.0019,-1736.880868,108.2235883
623734.8355,-1736.767988,109.4739558
630957.3445,-1736.652487,110.7386177
638263.4862,-1736.534306,112.017734
645654.229,-1736.413381,113.3114663
653130.5526,-1736.289649,114.6199782
660693.448,-1736.163046,115.9434345
668343.9176,-1736.033505,117.2820021
676082.9754,-1735.900958,118.6358494
683911.6473,-1735.765336,120.0051465
691830.9709,-1735.626568,121.3900652
699841.996,-1735.48458,122.7907792
707945.7844,-1735.339299,124.2074639
716143.4102,-1735.190648,125.6402962
724435.9601,-1735.03855,127.0894552
732824.5331,-1734.882925,128.5551213
741310.2413,-1734.723692,130.0374772
749894.2093,-1734.560767,131.5367069
758577.575,-1734.394065,133.0529966
767361.4894,-1734.2235,134.586534
776247.1166,-1734.048981,136.137509
785235.6346,-1733.870419,137.706113
794328.2347,-1733.687719,139.2925394
803526.1222,-1733.500786,140.8969834
812830.5162,-1733.309524,142.5196422
822242.6499,-1733.113831,144.1607146
831763.7711,-1732.913607,145.8204016
841395.1416,-1732.708746,147.4989059
851138.0382,-1732.499142,149.1964321
860993.7522,-1732.284686,150.9131867
870963.59,-1732.065267,152.6493782
881048.873,-1731.84077,154.405217
891250.9381,-1731.611078,156.1809151
901571.1376,-1731.376072,157.976687
912010.8394,-1731.13563,159.7927486
922571.4272,-1730.889628,161.629318
933254.3008,-1730.637937,163.4866152
944060.8763,-1730.380427,165.3648621
954992.586,-1730.116965,167.2642824
966050.879,-1729.847414,169.1851021
977237.221,-1729.571634,171.1275486
988553.0947,-1729.289482,173.0918518
1000000,-1729.000814,175.0782431
1011579.454,-1728.705478,177.0869561
1023292.992,-1728.403324,179.1182262
1035142.167,-1728.094195,181.1722906
1047128.548,-1727.77793,183.2493888
1059253.725,-1727.454368,185.3497618
1071519.305,-1727.123342,187.4736526
1083926.914,-1726.784681,189.6213064
1096478.196,-1726.43821,191.7929699
1109174.815,-1726.083751,193.9888919
1122018.454,-1725.721123,196.2093228
1135010.816,-1725.350139,198.4545154
1148153.621,-1724.970609,200.7247236
1161448.614,-1724.582337,203.0202037
1174897.555,-1724.185126,205.3412136
1188502.227,-1723.778771,207.6880129
1202264.435,-1723.363065,210.0608631
1216186.001,-1722.937796,212.4600275
1230268.771,-1722.502745,214.8857708
1244514.612,-1722.057692,217.3383597
1258925.412,-1721.602409,219.8180626
1273503.081,-1721.136664,222.3251492
1288249.552,-1720.66022,224.8598912
1303166.778,-1720.172836,227.4225617
1318256.739,-1719.674263,230.0134352
1333521.432,-1719.164249,232.632788
1348962.883,-1718.642535,235.2808977
1364583.137,-1718.108857,237.9580433
1380384.265,-1717.562945,240.6645052
1396368.361,-1717.004523,243.4005653
1412537.545,-1716.43331,246.1665066
1428893.959,-1715.849017,248.9626133
1445439.771,-1715.251351,251.7891711
1462177.174,-1714.640011,254.6464664
1479108.388,-1714.01469,257.5347869
1496235.656,-1713.375074,260.4544215
1513561.248,-1712.720843,263.4056596
1531087.462,-1712.05167,266.3887918
1548816.619,-1711.367221,269.4041094
1566751.07,-1710.667153,272.4519044
1584893.192,-1709.951119,275.5324695
1603245.391,-1709.218762,278.6460979
1621810.097,-1708.469718,281.7930834
1640589.773,-1707.703617,284.9737201
1659586.907,-1706.920078,288.1883022
1678804.018,-1706.118715,291.4371246
1698243.652,-1705.299132,294.7204818
1717908.387,-1704.460926,298.0386685
1737800.829,-1703.603683,301.3919793
1757923.614,-1702.726984,304.7807085
1778279.41,-1701.830399,308.2051499
1798870.915,-1700.91349,311.6655971
1819700.859,-1699.975808,315.1623429
1840772.001,-1699.016897,318.6956793
1862087.137,-1698.036291,322.2658976
1883649.089,-1697.033514,325.8732878
1905460.718,-1696.00808,329.5181389
1927524.913,-1694.959494,333.2007385
1949844.6,-1693.887251,336.9213725
1972422.736,-1692.790835,340.6803253
1995262.315,-1691.669719,344.4778794
2018366.364,-1690.523368,348.3143151
2041737.945,-1689.351233,352.1899107
2065380.156,-1688.152756,356.1049418
2089296.131,-1686.927368,360.0596814
2113489.04,-1685.674487,364.0543997
2137962.09,-1684.393523,368.0893638
2162718.524,-1683.083871,372.1648374
2187761.624,-1681.744915,376.2810807
2213094.71,-1680.376028,380.43835
2238721.139,-1678.97657,384.6368978
2264644.308,-1677.545889,388.8769718
2290867.653,-1676.083321,393.1588157
2317394.65,-1674.588189,397.4826678
2344228.815,-1673.059803,401.8487617
2371373.706,-1671.497459,406.257325
2398832.919,-1669.900441,410.70858
2426610.095,-1668.268021,415.2027428
2454708.916,-1666.599455,419.7400228
2483133.105,-1664.893987,424.320623
2511886.432,-1663.150846,428.944739
2540972.706,-1661.369247,433.6125592
2570395.783,-1659.548392,438.324264
2600159.563,-1657.687469,443.0800255
2630267.992,-1655.78565,447.8800073
2660725.06,-1653.842092,452.7243639
2691534.804,-1651.855941,457.6132404
2722701.308,-1649.826323,462.546772
2754228.703,-1647.752353,467.5250837
2786121.169,-1645.633129,472.5482894
2818382.931,-1643.467735,477.616492
2851018.268,-1641.255237,482.7297826
2884031.503,-1638.99469,487.8882401
2917427.014,-1636.685129,493.0919307
2951209.227,-1634.325577,498.3409072
2985382.619,-1631.915037,503.6352087
3019951.72,-1629.452502,508.9748601
3054921.113,-1626.936944,514.3598712
3090295.433,-1624.367321,519.7902364
3126079.367,-1621.742576,525.2659339
3162277.66,-1619.061634,530.7869255
3198895.11,-1616.323407,536.3531554
3235936.569,-1613.526789,541.9645501
3273406.949,-1610.670656,547.6210174
3311311.215,-1607.753873,553.3224458
3349654.392,-1604.775285,559.0687042
3388441.561,-1601.733723,564.8596405
3427677.865,-1598.628002,570.6950815
3467368.505,-1595.45692,576.5748317
3507518.74,-1592.219262,582.4986734
3548133.892,-1588.913794,588.4663646
3589219.346,-1585.539271,594.4776397
3630780.548,-1582.094429,600.5322076
3672823.005,-1578.577991,606.6297516
3715352.291,-1574.988665,612.769928
3758374.043,-1571.325144,618.9523661
3801893.963,-1567.586108,625.1766665
3845917.82,-1563.77022,631.4424008
3890451.45,-1559.876133,637.7491104
3935500.755,-1555.902484,644.0963062
3981071.706,-1551.847899,650.4834671
4027170.343,-1547.71099,656.9100392
4073802.778,-1543.490358,663.3754354
4120975.191,-1539.184591,669.8790338
4168693.835,-1534.792267,676.4201774
4216965.034,-1530.311952,682.9981728
4265795.188,-1525.742204,689.6122893
4315190.768,-1521.081569,696.2617581
4365158.322,-1516.328586,702.9457713
4415704.474,-1511.481785,709.6634809
4466835.922,-1506.53969,716.4139979
4518559.444,-1501.500815,723.1963912
4570881.896,-1496.363671,730.0096871
4623810.214,-1491.126764,736.8528676
4677351.413,-1485.788594,743.7248701
4731512.59,-1480.347658,750.6245863
4786300.923,-1474.802452,757.5508611
4841723.676,-1469.15147,764.5024915
4897788.194,-1463.393206,771.4782263
4954501.908,-1457.526155,778.4767644
5011872.336,-1451.548813,785.4967545
5069907.083,-1445.459682,792.5367939
5128613.84,-1439.257265,799.5954279
5188000.389,-1432.940074,806.6711485
5248074.602,-1426.506627,813.7623937
5308844.442,-1419.955451,820.867547
5370317.964,-1413.285084,827.9849365
5432503.315,-1406.494073,835.1128336
5495408.739,-1399.580981,842.249453
5559042.573,-1392.544387,849.3929516
5623413.252,-1385.382884,856.5414279
5688529.308,-1378.095084,863.6929215
5754399.373,-1370.679622,870.845412
5821032.178,-1363.135152,877.9968191
5888436.554,-1355.460354,885.145002
5956621.435,-1347.653933,892.2877585
6025595.861,-1339.714624,899.422825
6095368.972,-1331.64119,906.5478761
6165950.019,-1323.432429,913.6605241
6237348.355,-1315.087172,920.7583193
6309573.445,-1306.604287,927.8387492
6382634.862,-1297.982681,934.8992386
6456542.29,-1289.221304,941.9371503
6531305.526,-1280.319149,948.9497839
6606934.48,-1271.275255,955.9343772
6683439.176,-1262.088711,962.8881055
6760829.754,-1252.758656,969.8080826
6839116.473,-1243.284285,976.6913605
6918309.709,-1233.664848,983.5349308
6998419.96,-1223.899655,990.3357245
7079457.844,-1213.988077,997.0906132
7161434.102,-1203.929551,1003.79641
7244359.601,-1193.72358,1010.449869
7328245.331,-1183.369738,1017.047688
7413102.413,-1172.867671,1023.586511
7498942.093,-1162.2171,1030.062925
7585775.75,-1151.417826,1036.473466
7673614.894,-1140.46973,1042.814616
7762471.166,-1129.372777,1049.082809
7852356.346,-1118.127017,1055.27443
7943282.347,-1106.732591,1061.385819
8035261.222,-1095.189731,1067.413271
8128305.162,-1083.498765,1073.353037
8222426.499,-1071.660116,1079.201331
8317637.711,-1059.674307,1084.954328
8413951.416,-1047.541966,1090.608167
8511380.382,-1035.263823,1096.158958
8609937.522,-1022.840717,1101.602779
8709635.9,-1010.273594,1106.935681
8810488.73,-997.5635154,1112.153693
8912509.381,-984.7116545,1117.252824
9015711.376,-971.7193017,1122.229065
9120108.394,-958.5878654,1127.078393
9225714.272,-945.3188742,1131.796777
9332543.008,-931.9139792,1136.380178
9440608.763,-918.3749544,1140.824557
9549925.86,-904.7037,1145.125874
9660508.79,-890.9022423,1149.280096
9772372.21,-876.9727364,1153.283201
9885530.947,-862.9174659,1157.131178
10000000,-848.7388453,1160.820038
10115794.54,-834.4394197,1164.345814
10232929.92,-820.0218664,1167.704565
10351421.67,-805.4889949,1170.892385
10471285.48,-790.8437474,1173.905401
10592537.25,-776.0891987,1176.739787
10715193.05,-761.2285569,1179.391759
10839269.14,-746.2651622,1181.857587
10964781.96,-731.2024874,1184.133597
11091748.15,-716.0441365,1186.216176
11220184.54,-700.7938445,1188.101778
11350108.16,-685.455476,1189.786928
11481536.21,-670.0330241,1191.268228
11614486.14,-654.5306089,1192.542361
11748975.55,-638.9524757,1193.606097
11885022.27,-623.3029938,1194.456298
12022644.35,-607.5866533,1195.089921
12161860.01,-591.8080636,1195.504025
12302687.71,-575.9719506,1195.695776
12445146.12,-560.0831542,1195.66245
12589254.12,-544.1466246,1195.40144
12735030.81,-528.1674202,1194.910258
12882495.52,-512.1507035,1194.186542
13031667.78,-496.1017377,1193.228058
13182567.39,-480.0258829,1192.032707
13335214.32,-463.9285921,1190.598527
13489628.83,-447.8154074,1188.923698
13645831.37,-431.6919552,1187.006546
13803842.65,-415.5639416,1184.845544
13963683.61,-399.4371487,1182.439323
14125375.45,-383.3174278,1179.786665
14288939.59,-367.2106968,1176.886515
14454397.71,-351.1229333,1173.73798
14621771.74,-335.0601698,1170.34033
14791083.88,-319.0284884,1166.693006
14962356.56,-303.0340157,1162.795618
15135612.48,-287.0829161,1158.647948
15310874.62,-271.1813869,1154.249955
15488166.19,-255.3356523,1149.601771
15667510.7,-239.5519575,1144.703708
15848931.92,-223.8365626,1139.556257
16032453.91,-208.1957365,1134.160087
16218100.97,-192.6357513,1128.516051
16405897.73,-177.1628762,1122.625181
16595869.07,-161.7833705,1116.488692
16788040.18,-146.5034787,1110.107982
16982436.52,-131.3294235,1103.484628
17179083.87,-116.2674004,1096.620392
17378008.29,-101.3235708,1089.517213
17579236.14,-86.50405667,1082.177213
17782794.1,-71.81493456,1074.602693
17988709.15,-57.26222863,1066.796129
18197008.59,-42.85190643,1058.760177
18407720.01,-28.58987167,1050.497664
18620871.37,-14.48195923,1042.011593
18836490.89,-0.5339292597,1033.305134
19054607.18,13.24853828,1024.381628
19275249.13,26.85984905,1015.244581
19498446,40.29449976,1005.897662
19724227.36,53.54708316,996.3446995
19952623.15,66.61229345,986.58968
20183663.64,79.48493091,976.6367438
20417379.45,92.15990689,966.4901819
20653801.56,104.6322485,956.1544324
20892961.31,116.8971031,945.6340771
21134890.4,128.9497429,934.9338374
21379620.9,140.7855688,924.0585708
21627185.24,152.4001151,913.0132666
21877616.24,163.7890527,901.8030421
22130947.1,174.9481939,890.4331379
22387211.39,185.8734949,878.9089144
22646443.08,196.5610603,867.2358466
22908676.53,207.0071458,855.41952
23173946.5,217.2081621,843.4656261
23442288.15,227.160677,831.3799575
23713737.06,236.8614192,819.1684037
23988329.19,246.3072804,806.8369457
24266100.95,255.4953185,794.3916521
24547089.16,264.4227595,781.8386733
24831331.05,273.0870002,769.1842371
25118864.32,281.4856102,756.4346439
25409727.06,289.6163342,743.5962614
25703957.83,297.4770934,730.67552
26001595.63,305.065988,717.678907
26302679.92,312.381298,704.6129627
26607250.6,319.4214855,691.4842743
26915348.04,326.1851956,678.299471
27227013.08,332.6712576,665.0652197
27542287.03,338.8786866,651.7882184
27861211.69,344.8066844,638.4751919
28183829.31,350.4546396,625.1328869
28510182.68,355.8221294,611.768066
28840315.03,360.9089199,598.3875028
29174270.14,365.7149664,584.9979765
29512092.27,370.2404139,571.606267
29853826.19,374.4855976,558.219149
30199517.2,378.4510427,544.8433871
30549211.13,382.1374649,531.48573
30902954.33,385.5457698,518.1529058
31260793.67,388.6770532,504.8516156
31622776.6,391.5326003,491.5885292
31988951.1,394.1138854,478.3702786
32359365.69,396.4225713,465.2034531
32734069.49,398.4605088,452.0945935
33113112.15,400.2297353,439.0501869
33496543.92,401.732474,426.0766606
33884415.61,402.9711329,413.180377
34276778.65,403.9483033,400.3676277
34673685.05,404.666758,387.6446282
35075187.4,405.1294501,375.0175118
35481338.92,405.339511,362.4923241
35892193.46,405.300248,350.0750176
36307805.48,405.0151426,337.7714457
36728230.05,404.4878479,325.5873574
37153522.91,403.7221858,313.5283909
37583740.43,402.7221446,301.6000691
38018939.63,401.4918754,289.8077928
38459178.2,400.0356897,278.1568359
38904514.5,398.3580549,266.6523395
39355007.55,396.4635917,255.2993064
39810717.06,394.3570695,244.1025959
40271703.43,392.0434023,233.0669179
40738027.78,389.5276448,222.1968281
41209751.91,386.8149872,211.4967225
41686938.35,383.9107508,200.9708322
42169650.34,380.8203828,190.6232188
42657951.88,377.5494506,180.4577689
43151907.68,374.1036367,170.4781899
43651583.22,370.4887327,160.6880053
44157044.74,366.710633,151.09055
44668359.22,362.775329,141.6889664
45185594.44,358.688902,132.4862004
45708818.96,354.4575166,123.4849973
46238102.14,350.0874139,114.6878985
46773514.13,345.584904,106.0972381
47315125.9,340.9563588,97.71514005
47863009.23,336.2082042,89.54351492
48417236.76,331.3469122,81.58405798
48977881.94,326.3789934,73.83824679
49545019.08,321.310988,66.30733917
50118723.36,316.1494583,58.99237238
50699070.83,310.9009798,51.89416115
51286138.4,305.5721329,45.01329762
51880003.89,300.169494,38.35015064
52480746.02,294.6996269,31.90486573
53088444.42,289.169074,25.67736571
53703179.64,283.5843476,19.66735133
54325033.15,277.9519209,13.87430261
54954087.39,272.2782191,8.297480473
55590425.73,266.5696107,2.935928563
56234132.52,260.8323992,-2.21152369
56885293.08,255.0728136,-7.14625865
57543993.73,249.2970004,-11.86986713
58210321.78,243.5110152,-16.38414428
58884365.54,237.7208141,-20.69108559
59566214.35,231.9322459,-24.79288241
60255958.61,226.1510443,-28.69191676
60953689.72,220.38282,-32.39075596
61659500.19,214.6330534,-35.89214701
62373483.55,208.9070875,-39.19901021
63095734.45,203.2101213,-42.31443285
63826348.62,197.5472031,-45.2416622
64565422.9,191.9232242,-47.98409854
65313055.26,186.3429137,-50.54528748
66069344.8,180.8108327,-52.92891234
66834391.76,175.3313691,-55.13878622
67608297.54,169.9087338,-57.17884357
68391164.73,164.5469558,-59.05313183
69183097.09,159.249879,-60.76580293
69984199.6,154.0211586,-62.32110428
70794578.44,148.8642589,-63.72337004
71614341.02,143.7824502,-64.97701201
72443596.01,138.7788077,-66.08651056
73282453.31,133.8562098,-67.05640554
74131024.13,129.0173374,-67.89128706
74989420.93,124.2646731,-68.59578648
75857757.5,119.600502,-69.17456717
76736148.94,115.0269115,-69.63231562
77624711.66,110.5457929,-69.97373248
78523563.46,106.1588426,-70.20352374
79432823.47,101.867564,-70.32639215
80352612.22,97.67326986,-70.34702871
81283051.62,93.57708517,-70.27010447
82224264.99,89.57995019,-70.10026243
83176377.11,85.6826241,-69.84210984
84139514.16,81.88568875,-69.50021062
85113803.82,78.18955307,-69.07907818
86099375.22,74.59445756,-68.58316849
87096359,71.10047917,-68.01687349
88104887.3,67.70753645,-67.38451484
89125093.81,64.41539502,-66.69033797
90157113.76,61.22367316,-65.93850659
91201083.94,58.13184766,-65.13309748
92257142.72,55.13925983,-64.27809568
93325430.08,52.24512176,-63.37739009
94406087.63,49.44852257,-62.4347694
95499258.6,46.74843487,-61.45391851
96605087.9,44.14372128,-60.4384152
97723722.1,41.63314094,-59.39172726
98855309.47,39.21535613,-58.31721007
100000000,36.88893896,-57.21810441
